date,type,description,city
20180115,強盗,スパイダーマンの格好をした男が連続強盗,NYC
20180115,殺人,人生？人生の話なんてしないでくれ。,Albany
20180115,殺人,ママ、人を殺しちゃった。頭に銃を突きつけて…,Reno
20180215,殺人,[編集済み] [編集済み] [編集済み],SQL City
20180215,殺人,誰かが衛兵を殺した！膝に矢を受けてしまって！,SQL City
20180115,窃盗,いじめっ子が僕のお弁当代を盗んだ！,Chicago
20180115,詐欺,ロレム・イプサム・ドロル・シット・アメット、コンセクテトゥル・アディピシング・エリット、セッド・ドゥ・エイウスモッド・テンポル・インキディドゥント・ウト・ラボレ・エト・ドロレ・マグナ・アリクア。（意味のないダミーテキスト）,Seattle
20170712,窃盗,孤独な狩人が夜に忍び寄り、闇の中へと矢を放つ。隠れる場所も、逃げ場もない。遠くで獣がよろめき、虚空に繋ぎ止められる。とどめの一撃は、ためらいなく、慈悲もなく繰り出される。,SQL City
20170820,放火,タイタンよ、ソルハンマーを誇り高く振るうのだ。それは過去と未来、両方の伝説なのだから。,SQL City
20171110,強盗,肩掛け式ロケットシステム「ギャラルホルン」は、トワイライトギャップで倒れたガーディアンたちのアーマーから鍛えられた。あの凄惨な戦いの生存者たちに贈られたギャラルホルンは、名誉と生存の象徴と見なされている。,SQL City
20180103,贈収賄,どうやらケイドは、この非常に珍しい野菜をハイヴの召喚儀式に晒す必要があると考えたらしい。,SQL City
20180115,暴行,ハミルトン：リー、降伏するか？ バー：脇腹を撃ったな！ああ、彼は降伏する！,SQL City
20180115,暴行,レポートが見つかりません,SQL City
20170101,詐欺,聞き忘れた。」,Long Beach
20170101,詐欺,アリスはもうヤマネを怒らせたくなかったので、とても,Oceanside
20170101,窃盗,「ええ」とアリスは言いました。「フランス語と音楽を習いましたわ」,Chicago
20170101,密輸,「さあパット、教えておくれ、窓のところにあるあれは何だい？」,Gilbert
20170101,暴行,一種の結び目になるようにねじり上げ、それからその右,Nashville
20170102,放火,と微笑んだ。あたりは水を打ったように静かになった。,Las Vegas
20170102,贈収賄,ガラスのテーブル。「さあ、今度はもっとうまくやるわ」と彼女は独り言を言った。,Riverside
20170102,窃盗,何日も何日も。」,Canton
20170102,密輸,「ええ」とアリスは言いました。「フランス語と音楽を習いましたわ」,Alexandria
20170103,放火,証人だ」そして彼は女王に小声で付け加えた。「ねえ、君,Rochester
20170104,恐喝,"それがどうしたのか見てみた。疑いようもなく、それは""",Lacey
20170105,窃盗,彼らに続くそよ風に乗って、物悲しい言葉が聞こえてきた。,McAllen
20170105,強盗,『醜く化』だよ！」とそれは叫んだ。「『美しく化』が何かは知ってるだろう？」,Seaside
20170106,恐喝,かなりきっぱりと、「今すぐやめることをお勧めしますわ！」彼女はたいてい,Lewisville
20170106,恐喝,第10章 ロブスターのカドリーユ,Jackson
20170106,窃盗,「もちろんそうだとも」と公爵夫人は言った。彼女は何にでも同意するつもりのようだった。,High Point
20170107,贈収賄,ハリネズミは別のハリネズミと喧嘩の真っ最中で、それはアリスには,Lorain
20170107,密輸,"
",Savannah
20170107,恐喝,この答えに可哀想なアリスはすっかり混乱してしまい、ヤマネにしばらく続けさせた。,Newark
20170107,窃盗,"きっと本当に怒らせてしまったのだと確信した。「もうあの子の話はしない""",Oklahoma City
20170107,殺人,「そんなこと、何の証明にもならないわ！」とアリスは言った。「だって、あなたは,Memphis
20170108,殺人,"「好きなものを手に入れる」ことと同じだ！』""",Round Lake Beach
20170108,窃盗,アリスは、そんな途方もないやり方がどんなものか想像しようとした。,Louisville
20170108,殺人,炉端の敷物、,Jacksonville
20170109,強盗,終わると、お姉さんは彼女にキスをして言った。「奇妙な夢だったわね、,Grand Rapids
20170109,詐欺,扇子と手袋を…もし見つけられればの話だけど」こう言いながら、彼女は,North Port
20170109,放火,口に入れた。しかしとうとうそれをやり遂げ、ひとかけらを飲み込むことができた。,Port St. Lucie
20170109,放火,次の瞬間、小石の雨が窓からガラガラと降ってきたからだ。,Little Rock
20170109,贈収賄,非難する,Visalia
20170110,恐喝,アリスはこれにはあまり驚かなかった。奇妙なことにすっかり慣れてきていたからだ。,Kailua
20170111,殺人,"
",Springdale
20170111,贈収賄,(コックと赤ん坊も加わって)：,Lancaster
20170112,密輸,"
",Melbourne
20170113,詐欺,ダイナに、とても真剣にこう言っているのを。『さあダイナ、本当のことを教えてちょうだい：,Paterson
20170113,恐喝,「ノックしたって何にもなりませんよ」と従卒は言った。「それには,Fort Collins
20170113,暴行,"
",Reading
20170114,詐欺,「首をはねろ！」そして行列は進み、三人の,Chicago
20170114,恐喝,"
",Orange
20170114,詐欺,"「それを習う余裕はなかったんだ」と代用ウミガメはため息をついて言った。「私は""",Lorain
20170115,暴行,「何一つない、と申すか？」王様は食い下がった。,Jersey City
20170115,窃盗,"ジャックは悲しそうに首を振った。「私にそんな風に見えますか？」と彼は言った。（実際、彼は""",Hollywood
20170115,強盗,思うの」アリスは続けた。「もしダイナが,Cincinnati
20170116,恐喝,"
",Ontario
20170116,暴行,私の毛皮とヒゲが！あいつは私を処刑させるだろう、フェレットが,Plano
20170116,恐喝,魚の従卒は去り、もう一人はドアの近くの地面に座っていた。,Tallahassee
20170116,贈収賄,"
",Memphis
20170116,密輸,生活がどんなものか、しかしそれは彼女をあまりに混乱させたので、彼女は続けた。「でも,Las Cruces
20170117,暴行,「私を飲んで」という言葉が書かれていたが、それでも彼女はコルクを抜いてそれを,Anaheim
20170117,贈収賄,時計で好きなようにできたんだ。例えば、朝の九時だったとしよう。,San Bernardino
20170118,強盗,プール、そしてガラスのテーブルと小さなドアのある大きなホールが,Charlotte
20170118,放火,1、2分。その間にハトはこう付け加える機会を得た。「あんたは,Wilmington
20170118,窃盗,続けた。,Denton
20170119,密輸,そして悲しそうに：,Riverside
20170119,強盗,"
",Asheville
20170121,放火,声で、「いや、お嬢さん、実を言うとね、こいつは,Knoxville
20170121,殺人,彼女に、時間をつぶすために。,Murfreesboro
20170122,強盗,"
",Houston
20170122,贈収賄,"
",Oakland
20170122,贈収賄,"
",Omaha
20170122,殺人,彼女に近づくと、彼女は低くおずおずとした声で始めた。「もしよろしければ、旦那様…」,Temecula
20170122,暴行,"
",Layton
20170123,恐喝,"
",Arvada
20170123,暴行,"
",Sterling Heights
20170124,放火,"
",Arlington
20170124,殺人,何かについて考えているんだよ、おまえさん。だから話すのを忘れるんだ。私には,Santa Clarita
20170124,強盗,小さく叫んで続けた。「——Mで始まるもの、例えば,Macon
20170124,殺人,"
",Waterbury
20170125,殺人,の時代にはその意味を全く知らなかった。しかし、『陪審員』で十分だっただろう。,Laredo
20170125,窃盗,「何を思い出せないんだ？」と芋虫は言った。,New Bedford
20170126,放火,「いやよ！」とアリスは言った。,Richmond
20170127,放火,頭をそこまで下げようとしたが、自分の,Birmingham
20170127,恐喝,千里下だと思う…」（ご存知の通り、アリスはいくつか,Richland
20170128,窃盗,「——できるだけ遠くの海まで——」,Newark
20170128,窃盗,"「ハートの女王様がタルトを作られた、""",New Orleans
20170128,暴行,怒っているときにしっぽを振る。だから僕は狂ってるんだ。」,Nashua
20170129,放火,いろんなものを…半分も思い出せない…そしてそれは農家のものだ,Bridgeport
20170129,贈収賄,「私はエイダじゃないわ、きっと」と彼女は言った。「あの子の髪は長くて,Daytona Beach
20170129,恐喝,「最初の証人を呼べ」と王様は言った。そして白ウサギは三度,Paterson
20170129,強盗,"
",Saint Louis
20170129,暴行,チョッキのポケットから取り出し、それを見て、そして急いで行った。,Irving
20170130,詐欺,"
",Lancaster
20170130,放火,"
",Allentown
20170130,詐欺,少し。」,Raleigh
20170131,贈収賄,"
",Layton
20170131,贈収賄,"
",Apple Valley
20170131,贈収賄,どの行にも：,Fort Collins
20170201,詐欺,彼女のすぐそばに。,Tuscaloosa
20170202,恐喝,"
",Boise City
20170202,強盗,4×7は…あらまあ！こんな調子じゃ20まで絶対たどり着かないわ！,Scranton
20170202,密輸,彼女はこのあまりに突然の変化にかなり怯えたが、,Mesa
20170202,密輸,"(she was obliged to say ‘creatures,’ you see, because some of them were
",Montgomery
20170203,放火,グリフォンからの時折の「ヒャックラー！」という叫び声と、絶え間ない,Indianapolis
20170203,密輸,"
",Montgomery
20170204,恐喝,"
",Albuquerque
20170204,窃盗,"
",Tyler
20170205,強盗,次の証人は公爵夫人のコックだった。彼女はコショウ入れを手に持っていた。,Montgomery
20170205,強盗,「このお嬢さんがね」とグリフォンは言った。「あんたの身の上話を知りたがってるんだよ,Irvine
20170205,密輸,"退屈な現実に変わるだろう…草はただ風にそよぐだけ""",Reno
20170205,贈収賄,"
",Round Lake Beach
20170205,詐欺,「私を飲んで」という言葉が書かれていたが、それでも彼女はコルクを抜いてそれを,Salinas
20170207,放火,"
",Jefferson
20170207,殺人,"
",Amarillo
20170207,放火,「すぐ後ろにネズミイルカがいて、僕のしっぽを踏んでるんだ。,Duluth
20170208,窃盗,「では、参れ！」と女王が叫び、アリスは行列に加わった。,Thornton
20170208,詐欺,うなり声で、「世界は今よりずっと速く回るだろうに」,Portland
20170208,詐欺,彼女の顔を見上げた…彼女の声の調子まではっきりと聞き、その,Marysville
20170208,密輸,ポケットに入れ、不安そうにそれを見つめ、時々それを振っていた。,Toledo
20170209,密輸,「——できるだけ遠くの海まで——」,Canton
20170209,密輸,あなた自身を。」,College Station
20170210,暴行,「ああ、すごく奇妙な夢を見たの！」とアリスは言って、彼女は,Fargo
20170210,放火,続けた。,Scottsdale
20170210,恐喝,"
",McAllen
20170210,贈収賄,"
",Muskegon
20170211,放火,尋ねる：どこかに書いてあるのが見えるかもしれない。」,Marina
20170212,詐欺,それが何歳なのか知ることもなく、また、ヒインコが断固としてその年齢を言わなかったので,West Valley City
20170212,暴行,あなたの目が相変わらずしっかりしていたこと。,Corona
20170212,強盗,もう行く時間だった。なぜなら、プールは,Mesa
20170212,贈収賄,「仕方なかったんだ」と五が不機嫌な声で言った。「七が僕の,Las Cruces
20170214,詐欺,「お願い、戻ってきてお話を終えて！」アリスはその後を追って叫んだ。そして,Jackson
20170214,詐欺,第9章 代用ウミガメの話,Saint Paul
20170214,暴行,"
",Lake Charles
20170214,贈収賄,「愛こそが、世界を回すのだ！」,Lakeland
20170215,放火,それが話すとき、まっすぐに体を起こした（それはちょうど3インチの高さだった）。,Port Arthur
20170215,窃盗,子ワシは微笑みを隠すために頭を下げた。他の鳥たちの何羽かは,McHenry
20170215,放火,彼らがプレーしている間ずっと、女王は絶えず,Olathe
20170215,詐欺,瓶の半分を飲むと、彼女は自分の頭が天井に押し付けられているのに気づいた。,Kennewick
20170215,贈収賄,死刑執行人、王様、そして女王が、皆一度に話していた。,Naples
20170216,放火,「ばか」と、そして彼は隣の人に教えてもらわなければならなかった。「素敵な,Augusta
20170216,放火,"
",Seattle
20170217,強盗,何もないよりはマシだ。」,Scranton
20170219,窃盗,年を重ねても、その素朴で愛情深い心を持ち続けること,Antioch
20170219,窃盗,"
",Irving
20170219,暴行,ヒゲが！,Kenosha
20170219,恐喝,「あなたのテーブルだとは知りませんでした」とアリスは言った。「たくさんの,Lubbock
20170219,暴行,「私は１マイルも背は高くないわ」とアリスは言った。,Grand Rapids
20170220,殺人,"
",Colorado Springs
20170220,暴行,"
",Tyler
20170220,殺人,ノックし、二階へ急いだ。彼女は,Madison
20170221,殺人,「卵は確かに食べたことがありますわ」と、とても正直なアリスは言った。,Chandler
20170221,窃盗,「そしてそれ以来」と帽子屋は悲しげな口調で続けた。「彼は,San Francisco
20170221,恐喝,「だった」と彼は言った。,Panama City
20170221,恐喝,"
",Boise
20170221,強盗,"
",Winter Haven
20170222,詐欺,見られずに立ち去ることができるかと思ったとき、彼女は奇妙な光景に気づいた。,Jersey City
20170222,詐欺,「それならこう言っても同じことだ」と三月ウサギが付け加えた。「『私が,Chattanooga
20170222,贈収賄,"
",Rochester
20170222,放火,ティーポットに。,Havre de Grace
20170222,暴行,「ああ、お願い、何をしてるか気をつけて！」アリスは叫び、,El Monte
20170225,詐欺,"「それはどういう意味だ？」と芋虫は厳しく言った。「説明しろ""",Youngstown
20170225,放火,シロギスのこと！,Baltimore
20170225,殺人,"
",Ontario
20170226,窃盗,私が小さくなるなら、ドアの下をくぐれる。だからどっちにしても私は,Wichita
20170226,恐喝,あなた自身を。」,Bridgeport
20170227,殺人,正直者らしく名前を。」,Manchester
20170227,暴行,"
",Reading
20170227,密輸,「もし私がシロギスだったら」とアリスは言った。彼女の考えはまだ,Fairfield
20170227,暴行,彼女は話しながらそれらを動かしていたが、何の結果も出ないようだった。,Portsmouth
20170228,恐喝,"
",Corpus Christi
20170301,暴行,"
",Denver
20170301,強盗,"
",Clarksville
20170301,放火,踊りには加わらない、加われない、加わらない、加われない、加われない。,Normal
20170301,放火,「その通り」と公爵夫人は言った。「フラミンゴもマスタードも噛む。そして,Tempe
20170302,恐喝,チェシャ猫のところへ戻ると、彼女はかなり,Kenosha
20170302,強盗,「そうなんだ」と帽子屋はため息をついて言った。「いつだってお茶の時間さ,Palm Bay
20170302,贈収賄,代用ウミガメは続けた。,Salem
20170302,詐欺,彼女は少し食べ、不安そうに独り言を言った。「どっち？どっち,Victorville
20170302,殺人,「私を飲んで」という言葉が書かれていたが、それでも彼女はコルクを抜いてそれを,Mobile
20170303,窃盗,「これで満足か？」と芋虫は言った。,North Las Vegas
20170303,放火,ドアは大きな台所に直接通じており、そこは煙でいっぱいだった。,San Bernardino
20170303,恐喝,"
",Bethlehem
20170303,暴行,彼女は：彼女は恐怖と怒りが半々の小さな悲鳴をあげ、そして,Portland
20170303,贈収賄,裁判官、私は,Naples
20170304,詐欺,他の二人はどちらも彼女が行くことに全く気づかなかったが、彼女は,Costa Mesa
20170304,殺人,"
",Thousand Oaks
20170304,密輸,二人一組で手をつなぎ、楽しそうに飛び跳ねていた。彼らは皆,New London
20170304,強盗,"
",Bonita Springs
20170304,強盗,この時までに、彼女はテーブルのあるこぎれいな小部屋にたどり着いていた。,Charleston
20170307,強盗,木に飛び上がるような感じで。,West Covina
20170308,殺人,話しながら地面に。「お前か、お前の首か、どちらかが消え失せろ、それも,Bonita Springs
20170308,強盗,続けた。,Birmingham
20170308,放火,"
",Hollywood
20170308,暴行,彼らに親切に」とアリスは思った。「さもないと、私が望むようには歩いてくれないかもしれない,Des Moines
20170310,暴行,「それで、一日に何時間授業を受けたのですか？」アリスは急いで,Fresno
20170310,放火,"
",GreenBay
20170310,窃盗,「では、参れ！」と女王が叫び、アリスは行列に加わった。,Palm Bay
20170310,窃盗,短い言葉をかけ、彼女は背筋を伸ばして、とても真面目に言った。「私は思います,Fort Wayne
20170310,恐喝,「そうではない」と芋虫は言った。,Palmdale
20170311,放火,涙でいっぱいだったが、何も言わなかった。,Fort Wayne
20170311,贈収賄,煙突は耳のような形をしており、屋根は毛皮で葺かれていた。それは,Santa Cruz
20170312,強盗,「それで、これらは誰だ？」と女王は、三人の庭師を指さして言った。,San Bernardino
20170312,放火,全部話しておくれ！,Riverside
20170313,強盗,「それだったに違いない」と王様は言った。「誰にも,Inglewood
20170313,強盗,ウサギが彼女を探しに来るのを、そして彼女は家を揺らすほど震えた。,Miramar
20170313,詐欺,"彼女は顎まで塩水に浸かっていた。彼女が最初に考えたのは、自分が""",Cape Coral
20170313,恐喝,岸辺に集まったのは、実に奇妙な一行だった。,Kenosha
20170313,窃盗,海だ。,Yakima
20170315,恐喝,庭に入って、どっちが起きても構わないわ！」,Hampton
20170315,密輸,"
",Daly City
20170315,強盗,"
",Anchorage
20170315,窃盗,ちゃんとしたルールじゃないわ。今あなたが作ったんでしょ。」,Washington
20170315,暴行,彼女は、ランプの列が吊り下がって照らしている、長くて低いホールにいた。,Marina
20170316,密輸,"
",Chula Vista
20170316,詐欺,最初の言葉以外に言うべきことは何もなかった。「最高のバターだった,Burlington
20170317,恐喝,彼女が見えなくなると、それはくすくす笑った。「なんて面白いんだ！」とグリフォンは言った。,Elizabeth
20170317,密輸,「あなたは年をとっている」と若者は言った。「ほとんど誰も思わないでしょう,North Port
20170317,暴行,女王。,Davidson County
20170318,恐喝,「もうなぞなぞは解けたかい？」と帽子屋はアリスの方を向いて言った。,Eugene
20170319,強盗,"
",Brownsville
20170319,恐喝,"
",Marysville
20170319,窃盗,"
",Joliet
20170319,贈収賄,"
",Kalamazoo
20170320,贈収賄,週に一度来ていた先生だ。先生は私たちにのろのろ、ぐずぐず、そして,Palmdale
20170320,放火,"
",North Charleston
20170322,恐喝,「いかにもありそうな話だ！」とハトは深い声色で言った。,Huntington
20170322,強盗,奇抜なことばかりを期待するようになっていたので,Brighton
20170322,殺人,「ええ」とアリスはためらいがちに言った。「それは…何かを…よりきれいにすることを意味します」,Syracuse
20170322,放火,「よかったら、それ以上のことを教えてやろう」とグリフォンは言った。「あんた,Bellevue
20170323,放火,"
",Vancouver
20170325,殺人,"「それがどんなに楽しいことか、あなたには本当に想像もつかないでしょうね。""",Denver
20170326,贈収賄,"
",Daytona Beach
20170326,殺人,"
",Evansville
20170326,密輸,と彼女は思い、涙が出ていないか確かめるため、もう一度その目を見つめた。,Durham
20170327,贈収賄,「そうだったな、おい！」と他の者たちが言った。,Milwaukee
20170327,詐欺,女王は飛び上がって大声で叫んだ。「奴は時間を殺している！首をはねろ！,Round Lake Beach
20170328,放火,「さあ、はっきり警告しておくわ」と女王は叫び、,Denver
20170328,殺人,その可哀想な動物の気持ちを。「猫がお嫌いでしたのね、すっかり忘れていましたわ」,Louisville
20170329,恐喝,すぐに縮み始めた。彼女が通り抜けられるほど小さくなるとすぐに,Oakland
20170329,放火,"
",Poughkeepsie
20170329,窃盗,「腕だって、おばかさん！あんな大きさの腕、誰が見たことある？だって、部屋中,Murfreesboro
20170329,殺人,奇抜なことばかりを期待するようになっていたので,Grand Rapids
20170330,殺人,「ディンがどこにいるかは知らないけど」と代用ウミガメは言った。「でも、もし君が,Paterson
20170330,詐欺,「それは野菜だよ。そうは見えないけど、そうなんだ。」,Santa Rosa
20170330,放火,この時までに、彼女はテーブルのあるこぎれいな小部屋にたどり着いていた。,Kalamazoo
20170331,窃盗,"
",Winston
20170331,窃盗,一度に四本の足で、喜びの鳴き声をあげて、棒に突進した。,Roseville
20170331,詐欺,"
",Victorville
20170401,暴行,人々はあらゆる方向に走り回り、お互いにぶつかり合った。,Downey
20170401,暴行,数分間、法廷全体がヤマネを,Fort Walton Beach
20170401,殺人,すべてがごく自然に見えた）。しかし、ウサギが実際に時計を取り出したとき,North Charleston
20170401,強盗,「鉱物だと、思います」とアリスは言った。,Lake Charles
20170401,暴行,「あなたの身の上話をしてくれるって約束したわよね」とアリスは言った。「そして、どうして,Santa Clarita
20170403,詐欺,トカゲを逆さまにして、その可哀想な小さな生き物は,Montgomery
20170403,殺人,"
",Indianapolis
20170405,暴行,小さな白い子ヤギ革の手袋の。彼女は扇子と手袋を一組手に取った。,Danbury
20170405,殺人,一片の意味もない」と。しかし、誰もその紙を説明しようとはしなかった。,Harrisburg
20170405,放火,絶望的で誰にでも助けを求めたいほどだった。だから、ウサギが,Apple Valley
20170405,恐喝,再び、ハリネズミが体を伸ばしているのを見つけると、とても腹立たしかった。,Bakersfield
20170405,殺人,ああ！そう願うには遅すぎた！彼女はどんどん大きくなり続けた。,Memphis
20170406,詐欺,「私たちは最高の教育を受けたんだ。実際、毎日学校に通っていたんだよ…」,Ogden
20170407,放火,あっという間だ！さあ、選べ！,Tyler
20170408,放火,「美味しいスープ！魚なんて誰が気にする？,Winston
20170408,殺人,"
",Madison
20170408,暴行,アリスはどうしていいかわからず、絶望して手を,Cleveland
20170408,詐欺,"
",Chula Vista
20170408,放火,第5章 芋虫からの忠告,Wilmington
20170409,暴行,"それから階段をパタパタと小さな足音がした。アリスはそれが""",Yakima
20170409,恐喝,第9章 代用ウミガメの話,Inglewood
20170409,放火,"三月ウサギとその友人たちが""",Port Arthur
20170409,殺人,証人だ」そして彼は女王に小声で付け加えた。「ねえ、君,San Antonio
20170409,贈収賄,前に」とアリスは言った）そして瓶の首には紙の,Chula Vista
20170410,密輸,「宛名が全く書かれていません」と白ウサギは言った。「実際、,Rockford
20170410,暴行,"
",Kissimmee
20170411,詐欺,"
",Newark
20170411,密輸,"
",Bridgeport
20170411,恐喝,考えられない！ああ、鳥を追いかける彼女を見てほしい！だって,Arlington
20170412,強盗,「盗まれた！」と王様は叫び、陪審員の方を向いた。彼らは即座に,Athens
20170412,密輸,"
",Honolulu
20170412,放火,"
",San Buenaventura
20170412,放火,"
",Harlingen
20170413,贈収賄,「いいえ、本当に」とアリスは言った。「それはどんな踊りなのですか？」,Roanoke
20170413,贈収賄,ちょうどヤマネが法廷を横切ったとき、彼女は役人の一人に言った。,Daly City
20170414,放火,彼女がその誰かと入れ替わった可能性があるかどうか見てみた。,Salem
20170414,密輸,"
",Athens
20170414,暴行,場所に、高さ4フィートほどの小さな家があった。「ここに住んでいるのは誰かしら,Providence
20170415,贈収賄,"
",Atlantic City
20170415,窃盗,"
",Frederick
20170415,恐喝,家、,Kissimmee
20170415,贈収賄,見えなくなり、どんどん遠ざかっていった）。「ああ、私の可哀想な小さな足、,Tyler
20170416,密輸,そこで彼女は取りかかり、すぐにケーキを食べ終えた。,Westminster
20170416,窃盗,プレイヤーたちは順番を待たずに一斉にプレーし、口論し,Charleston
20170416,詐欺,「少しも」と芋虫は言った。,Augusta
20170417,殺人,"退屈な現実に変わるだろう…草はただ風にそよぐだけ""",Aberdeen
20170418,窃盗,もし彼女がその事を推し進めるなら,Santa Clara
20170419,密輸,姉に、思い出せる限り、これらすべての奇妙な冒険を,New Haven
20170419,詐欺,魚の従卒は腕の下から大きな手紙を取り出すことから始めた。,Green Bay
20170420,殺人,彼らの頭上を。彼女は何のことかとても知りたくなった。,Scottsdale
20170420,贈収賄,美しのスープ！,Colorado Springs
20170420,放火,"優しい気性なの。みんながそれを知ってくれればいいのに。そうすれば、そんなに""",Denver
20170420,暴行,「見えないな」と芋虫は言った。,Johnson City
20170421,贈収賄,"
",San Francisco
20170421,密輸,王、女王、アリスを除くプレイヤーたちは、拘留され,Sterling Heights
20170421,贈収賄,"皆一緒に話していた。彼女は言葉を聞き取った。「もう一人はどこだ""",Murfreesboro
20170422,放火,まだだ、裁判が始まる前に。」,Merced
20170424,殺人,「考えたこともありませんでした」とアリスは言った。「どうして？」,Wilmington
20170425,贈収賄,「なんて奇妙なのかしら」とアリスは独り言を言った。「,Cary
20170425,放火,アリスは黙っていた。,Fargo
20170425,殺人,"
",Vero Beach
20170425,詐欺,"
",San Antonio
20170426,密輸,「そんなことをするのは知りませんわ」アリスはとても丁寧に、全く,Redding
20170426,贈収賄,「次の詩に進め」とグリフォンは焦れたように繰り返した。「それは,Saint Petersburg
20170426,放火,台所で会うと獰猛だった。,Washington
20170427,窃盗,"
",Riverside
20170427,窃盗,アリスはそれまで法廷にいたことはなかったが、本で,Rochester
20170428,窃盗,誰も処刑しないんだよ。さあ、行こう！」,Fort Worth
20170428,詐欺,「それが彼の有罪を証明している！」と女王は言った。,Dallas
20170428,密輸,「私の名前はアリスと申します、陛下」とアリスはとても丁寧に言った。,Elkhart
20170428,放火,"
",Houma
20170429,殺人,あなた自身！,Richland
20170429,贈収賄,大急ぎで、「そして彼女たちの名前はエルシー、レイシー、そしてティリー。そして,Harlingen
20170429,窃盗,"
",Tacoma
20170430,暴行,"
",Layton
20170430,贈収賄,これは会話を始めるのに勇気づけられるものではなかった。アリスは答えた。,Corpus Christi
20170430,強盗,一日中こんなくだらないことを聞いていられると思うか？,Gainesville
20170430,詐欺,テーブルは大きかったが、三人は皆,Denton
20170430,詐欺,羊皮紙の巻物を広げ、次のように読み上げた。,Manchester
20170501,密輸,コースのあちこちに。「一、二、三、,Clarke County
20170502,殺人,今はもう十分見えており、それ以上は現れなかった。,Norman
20170502,放火,そのあとを追い、幸運にもそれが大きな,San Antonio
20170502,強盗,手には、もう一方の手にはバター付きパン。「失礼いたしました、,Kaneohe
20170503,暴行,「なぜって」とグリフォンは言った。「まず、,Visalia
20170503,窃盗,自分のことに専念しろ！,Athens
20170504,恐喝,彼女は煙突のできるだけ下まで足を引き入れ、待った。,Kaneohe
20170504,暴行,「家にいた方がずっと楽しかったわ」と可哀想なアリスは思った。「,Springfield
20170504,暴行,一瞬の猶予もなかった。アリスは風のように走り去り、そして,South Lyon
20170505,贈収賄,彼に）「彼に6ペンスあげよう。私は一片も,Memphis
20170506,放火,"
",Duluth
20170506,放火,第5章 芋虫からの忠告,Escondido
20170507,贈収賄,「そうなんだ」と帽子屋はため息をついて言った。「いつだってお茶の時間さ,New Haven
20170507,窃盗,"
",McHenry
20170508,放火,他の誰にも秘密の,Sarasota
20170508,暴行,クロッケー場。,Gilbert
20170508,詐欺,"
",Louisville
20170509,恐喝,「きれいなカップが欲しい」と帽子屋が割り込んだ。「みんなで席を一つ,Norwich
20170509,放火,アリスは少しおずおずと言った。「でも、昨日に戻っても意味がないわ,Raleigh
20170509,強盗,"
",Johnson City
20170509,強盗,ネズミはただうなるだけだった。,Brownsville
20170509,窃盗,"
",Santa Cruz
20170510,強盗,"
",Berkeley
20170511,恐喝,頭から先に、そしてその上に座った。）,Anchorage
20170511,詐欺,再び巣の中へ。アリスはできるだけ木々の間にしゃがみこんだ。,Cleveland
20170511,密輸,互いに、時には背が高くなったり、時には背が低くなったりして、ついに彼女は,Winston
20170512,暴行,"
",Fort Walton Beach
20170512,密輸,「個人的な意見を言うのはやめるべきよ」とアリスはいくらか,Layton
20170513,殺人,できた。,Sioux Falls
20170513,密輸,"
",Norwich
20170513,殺人,「ダジャレだ！」と王様は気分を害した口調で付け加え、皆が笑った。,Denton
20170513,恐喝,テーブルがあり、その上にはタルトの大きな皿があった。それはとても美味しそうに見えた。,St. Petersburg
20170515,密輸,"
",Port St. Lucie
20170515,贈収賄,帽子屋が。そしてあっちの方向には」ともう一方の足を振りながら、「三月ウサギが住んでいる」,Savannah
20170515,放火,"            whole
",Little Rock
20170516,窃盗,試す,Norwalk
20170517,贈収賄,そして言った。「とても奇妙だわ」,Charleston
20170518,暴行,死。」,Burlington
20170518,密輸,か経度まで来たのかしら？」（アリスは緯度が何か、あるいは,Waco
20170518,密輸,「そんなことない！」と三月ウサギは大急ぎで割り込んだ。,Richmond County
20170518,恐喝,"
",Little Rock
20170519,強盗,"
",Chandler
20170519,殺人,公爵夫人は彼女の選択をし、一瞬で姿を消した。,Jersey City
20170519,贈収賄,"
",San Francisco
20170520,強盗,「それならヤマネが！」と二人は叫んだ。「起きろ、ヤマネ！」そして,Madison
20170520,詐欺,私の喉には合わない！」そしてカナリアが震える声で,San Bernardino
20170520,窃盗,それが話すとき、アリスに。,Burbank
20170520,恐喝,「私が食べるものを見る」ことと「私が見るものを食べる」ことが同じだなんて！,Houston
20170522,贈収賄,会話？,Roseville
20170523,暴行,現れ、1、2分後、彼女は,Boston
20170524,暴行,"
",Buffalo
20170524,恐喝,どうしてそんなに賢くなったの？,Palm Bay
20170525,贈収賄,「あなたは海の底ではあまり暮らしたことがないかもしれない…」 「ええ、ありませんわ」と,Tulsa
20170525,強盗,行列がアリスの向かいに来ると、彼らは皆立ち止まって見た。,Rochester
20170525,恐喝,"
",Oklahoma City
20170526,強盗,「もちろんそうだとも」と公爵夫人は言った。彼女は何にでも同意するつもりのようだった。,Buffalo
20170526,暴行,「海の底のブーツと靴は」とグリフォンは深い声で続けた。,Bonita Springs
20170527,詐欺,"
",Jackson
20170527,放火,あまりに怖くて一言も言えなかったが、ゆっくりと彼女について,Downey
20170527,放火,"私が誰だか知ったら、彼はどんなに驚くでしょう！でも、彼を連れて行った方がいいわね""",Port Saint Lucie
20170527,放火,彼女は少し食べ、不安そうに独り言を言った。「どっち？どっち,Los Angeles
20170527,窃盗,そして、小さな金の鍵を取り、ドアの鍵を開けることから始めた。,Ann Arbor
20170528,暴行,注意深く、「本当に家に帰らなければ。夜の空気は,Modesto
20170528,贈収賄,"
",Champaign
20170528,密輸,答えがなかったので、アリスは熱心に続けた。「近くにとてもかわいい小さな犬がいるの,Chesapeake
20170529,暴行,「なぜだ？」と芋虫は言った。,St. Petersburg
20170529,詐欺,この三週間、一睡もしていないんだ！,Norwalk
20170529,密輸,「ああ、でもパンくずも一緒に入っちまったにちげえねえ」と帽子屋は不平を言った。,Scranton
20170529,強盗,"
",Cape Coral
20170529,暴行,詩を。,Havre de Grace
20170530,放火,彼のひれにある科目を。「——ミステリー、古代と現代、そして,Apple Valley
20170530,暴行,話せるかもしれない。いずれにせよ、試してみる価値はある。」そこで彼女は,Frederick
20170530,放火,軽蔑。「わしは今までたくさんの少女を見てきたが、一人として,Springfield
20170602,恐喝,"「私が""",Panama City
20170602,詐欺,"
",Reno
20170602,強盗,いつか冬の日に、あなた自身で試してみたいと思うかもしれないから、教えてあげましょう。,Poughkeepsie
20170602,詐欺,"
",Muskegon
20170603,恐喝,"
",Orlando
20170604,暴行,それを止めるために。,Portland
20170604,詐欺,あなた自身を。」,Las Cruces
20170604,殺人,手は膝の上で組まれ、輝く熱心な目は,Yonkers
20170604,贈収賄,「ありがとう、見ていてとても面白い踊りね」とアリスは感じながら言った。,Duluth
20170604,放火,ネズミの穴よりずっと大きい。彼女はひざまずいて通路を覗き込んだ。,McAllen
20170606,暴行,アリスは、地に沈みたいような気持ちだった。とうとうグリフォンが言った。,Detroit
20170606,贈収賄,"
",Lancaster
20170606,詐欺,「そんなこと、できなかったでしょう」アリスは優しく言った。「だって,Bel Air
20170606,贈収賄,彼女が知っている子供たちで、豚としてとてもうまくやれそうな子たちを、そしてちょうど,Anaheim
20170606,暴行,* * * * * *,Elk Grove
20170607,贈収賄,"
",Joliet
20170607,殺人,「また陸に戻って、それが第一の型のすべてさ」と代用,Cary
20170607,密輸,それが進むにつれてプールを。,St. Paul
20170609,暴行,"
",Green Bay
20170609,殺人,「まあ、そうじゃないかもしれないわ」アリスはなだめるような口調で言った。「怒らないで,Bakersfield
20170609,殺人,それが話すとき、アリスに。,Oxnard
20170609,窃盗,"
",Abilene
20170610,窃盗,決心したわ。もし私がメイベルなら、ここにいる！,Colorado Springs
20170610,密輸,再び手を伸ばし、空中でまたひったくった。今度は,Paterson
20170610,贈収賄,歌手のリストを読んでいた女王。,Philadelphia
20170610,贈収賄,私たちを乾かす一番良い方法はコーカス・レースでしょう。」,Knoxville
20170611,放火,彼らが言うのを聞いた。「気をつけろ、五！ペンキを私にかけないでくれ,Boston
20170611,放火,片足からもう一方の足へと、不安そうに女王を見つめ、そして,Racine
20170611,殺人,出て行け、さもないと階段から蹴り落とすぞ！」,Frederick
20170612,殺人,「チェシャ猫がいつもニヤニヤ笑うなんて知らなかったわ。実際、私は,Oceanside
20170613,窃盗,窓から、そして片足を煙突に入れ、独り言を言った。「さあ、これで,Redding
20170613,放火,役人たち。しかし、役人が着く前に帽子屋は見えなくなっていた。,San Francisco
20170614,強盗,指一本で石板に、何の跡もつかないとわかったからだ。しかし、彼は今、急いで,Augusta
20170614,窃盗,「教えていただけますか」とアリスは少しおずおずと言った。なぜなら彼女は,Hartford
20170614,強盗,地面で…そして、たった今女王のハリネズミをクロッケーするところだったのに,Denton
20170614,詐欺,"
",Roseville
20170615,強盗,彼のひれにある科目を。「——ミステリー、古代と現代、そして,Saginaw
20170615,恐喝,ネズミへの話し方。彼女は以前にそんなことをしたことはなかったが,Santa Ana
20170615,暴行,きれいな小さな家に出くわした。そのドアには輝く真鍮の,Bremerton
20170615,詐欺,"
",Huntsville
20170617,密輸,口調で。「少なくとも、ここにはもう成長する余地はない」,Escondido
20170617,強盗,「追加料金で？」と代用ウミガメは少し不安そうに尋ねた。,Atlanta
20170617,放火,彼女がウサギの小さな白い子ヤギ革の手袋をはめている間に,Jersey City
20170618,恐喝,口調。「ここじゃ誰も彼女を好きじゃないみたい。でも、彼女が一番の,Corpus Christi
20170618,密輸,それを否定している。次は卵を食べたことがないとでも言うつもりだろう。,Gainesville
20170618,窃盗,彼女はこれについて少し神経質になった。「だって、それは終わるかもしれないでしょ」と,El Paso
20170618,贈収賄,"理由は…」ここで代用ウミガメはあくびをして目を閉じた。「彼女に伝えてくれ""",Newburgh
20170619,暴行,"
",Shreveport
20170620,放火,ヒインコは、とうとう不機嫌になり、「私はあなたより年上だ」としか言わなくなった。,Olympia
20170620,贈収賄,今日の女王に？,Saint Louis
20170620,強盗,ひじだ。,Punta Gorda
20170620,強盗,早く、今すぐ！」そしてアリスはとても怖かったので、すぐに走り去った。,Fargo
20170621,放火,鼻で、知ってる？」,Vallejo
20170621,強盗,"
",Orange
20170621,詐欺,"
",Boulder
20170621,殺人,ベルトとボタンを整え、つま先を外に向ける。」,Vero Beach
20170622,恐喝,公爵夫人は少し間を置いて言った。「その理由は、私が,Marysville
20170622,放火,踊りには加わらない、加われない、加わらない、加われない、加われない。,Waterbury
20170622,恐喝,「好きなように呼びなさい」と猫は言った。「女王とクロッケーをするのかい？」,Detroit
20170623,暴行,"
",Portsmouth
20170623,窃盗,不思議の国。もう一度目を開ければ、すべてが,Canton
20170624,暴行,熱いお茶をその鼻に。,Muskegon
20170624,贈収賄,休日？,Costa Mesa
20170624,密輸,"
",Lexington
20170624,詐欺,"
",Houston
20170624,詐欺,可哀想なアリス！片側に横になって、彼女にできることはせいぜい,San Bernardino
20170625,詐欺,"
",Des Moines
20170625,詐欺,"
",Washington
20170625,暴行,ビルの場所としては悪くない。この暖炉は確かに狭いが、でも,Riverside
20170625,贈収賄,子犬に差し出した。すると子犬は空中に飛び上がった。,Sarasota
20170625,放火,「そんなものないわ！」アリスはとても怒って言い始めたが、,Richmond
20170626,放火,"
",Sioux Falls
20170626,強盗,野獣のように一瞬、「首をはねろ！はねろ…」と叫んだ。,Waterbury
20170626,強盗,行列には、ハートの王様と女王様がいた。,Houma
20170626,強盗,そして誰も他に何か言いたそうな様子はなかった。,Albuquerque
20170627,窃盗,「うちのダイナがここにいたらいいのに！」とアリスは、,Las Cruces
20170627,詐欺,「さあパット、教えておくれ、窓のところにあるあれは何だい？」,Myrtle Beach
20170627,贈収賄,身の上話を、彼女はね。,Chicago
20170627,密輸,「それにしても、なんて可愛い子犬だったんでしょう！」アリスはもたれかかりながら言った。,Norman
20170628,密輸,"
",Port Orange
20170628,強盗,私が呼ばれたときのお茶を。,Grayslake
20170628,強盗,おわり,Vancouver
20170628,暴行,むしろハンサムな豚だと思うわ。」そして彼女は他の,Toledo
20170628,放火,力強く強調し、アリスをじっと見つめながら言った。,Richmond
20170629,窃盗,「——ええ、だいたいそのくらいの距離ね——でも、緯度は,GreenBay
20170629,密輸,片目で庭を覗き込む。しかし通り抜けることはもっと,Atlantic City
20170629,密輸,「話題を変えようじゃないか」と三月ウサギがあくびをしながら割り込んだ。,Omaha
20170629,窃盗,"
",Daly City
20170630,密輸,去れ。「そんな馬鹿げた話をして、私を侮辱するのか！」,Abilene
20170702,暴行,急いで、ぶつぶつ独り言を言いながら来た。「ああ！公爵夫人、公爵夫人！,Irving
20170702,恐喝,どの言葉が一番響きが良いか。,Daly City
20170704,殺人,"
",Hampton
20170704,放火,「私のではありません」と帽子屋は言った。,Warren
20170704,窃盗,"
",Davidson County
20170704,殺人,最善の策だ。,Cary
20170705,恐喝,ハリネズミを、そして二つ折りの兵士たちがいつも起き上がっていたので,Evansville
20170705,殺人,彼女の目に。そして一度、彼女は自分の耳を殴ろうとしたことを思い出した。,Grand Prairie
20170705,窃盗,「首をはねさせはしないわ！」とアリスは言って、彼らを大きな,Greensboro
20170706,放火,ヤマネには居心地が悪いだろうな」とアリスは思った。「ただ、眠っているから,Odessa
20170706,贈収賄,"遠くの牛の鳴き声が、代用ウミガメの""",Lowell
20170706,密輸,ネズミに…ネズミに…ネズミに…おお、ネズミよ！」）ネズミは彼女をいくぶん,Duluth
20170706,殺人,"
",Independence
20170707,暴行,こんな風に：,Sterling Heights
20170707,詐欺,目をこすった。とても眠くなってきたからだ。「そして、彼らはいろんなものを描いたんだ,Fullerton
20170707,殺人,"今朝起きたときも同じだったかしら？なんだか少し""",Salt Lake City
20170707,詐欺,アリスは何も言わなかった。彼女は顔を両手で覆って座り込んでいた。,Durham
20170708,強盗,"
",St. Petersburg
20170708,殺人,* * * * * *,St. Louis
20170708,密輸,"
",Newark
20170709,贈収賄,「私が死刑執行人を連れてこよう」と王は熱心に言った。そして彼は,Kissimmee
20170709,詐欺,「じゃあな」とグリフォンは続けた。「もし醜く化するのが何か知らないなら,Dallas
20170709,恐喝,"彼女は急いで涙を拭いて、何が来るのか見ようとした。それは白""",Providence
20170709,詐欺,すぐに彼女の目はテーブルの下にある小さなガラスの箱に留まった。,Grayslake
20170709,強盗,次に怒った声が聞こえた。ウサギの声だ。「パット！パット！どこにいるんだ？」そして,Dallas
20170710,暴行,「それを書き留めよ」と王は陪審員に言った。陪審員たちは熱心に,Evansville
20170710,暴行,彼らの命を奪うことになった。,Tempe
20170710,放火,最初に棍棒を持った10人の兵士が来た。彼らは皆、,Fort Lauderdale
20170713,暴行,"
",Saint Louis
20170713,窃盗,話せるかもしれない。いずれにせよ、試してみる価値はある。」そこで彼女は,Orem
20170713,恐喝,ヤマネの席に移り、アリスは少し不承不承ながら,Bakersfield
20170713,恐喝,そして、できる限り速く暗闇の中へと駆け去った。,Newark
20170713,詐欺,「ただ、マスタードは鳥じゃないわ」とアリスは言った。,Lancaster
20170714,暴行,煙突を下りろ！,Bel Air
20170715,詐欺,とうとう、彼らの中で権威のある人物と思われたネズミが,Green Bay
20170715,贈収賄,"
",Evansville
20170715,暴行,消えてしまった。そこで王と死刑執行人は狂ったように駆けずり回った。,Thousand Oaks
20170715,密輸,"
",Louisville
20170716,殺人,「どうしてだい？」と三月ウサギは言った。,Riverside
20170720,殺人,もういや！」そしてここで可哀想なアリスはまた泣き始めた。とても,Hollywood
20170720,窃盗,顎の下への一撃。それは彼女の足に当たった！,Green Bay
20170720,恐喝,"
",Jacksonville
20170720,詐欺,あなたが嫌いなのは…CとDよ」と彼女はささやき声で付け加えた。半分はそれが,Aurora
20170721,暴行,「もし彼らの誰かがそれを説明できるなら」とアリスは言った（彼女はとても大きくなっていたので,Saint Louis
20170721,詐欺,"
",Boulder
20170721,放火,その日は残りの時間、指一本で書くことを余儀なくされた。そしてこれは,Colorado Springs
20170723,恐喝,"
",Duluth
20170723,恐喝,"
",Clearwater
20170724,恐喝,痛い！,Savannah
20170724,殺人,何日も何日も。」,North Port
20170724,暴行,「海の底のブーツと靴は」とグリフォンは深い声で続けた。,Daytona Beach
20170724,恐喝,"とグリフォンは言った。そして、彼を揺さぶり、""",Mobile
20170726,強盗,状況下で食べるべき、あるいは飲むべき正しいもののように見えた。,Escondido
20170726,放火,"
",Portsmouth
20170726,窃盗,「では、座ってよろしい」と王様は答えた。,Los Angeles
20170728,強盗,彼女が知っている子供たちで、豚としてとてもうまくやれそうな子たちを、そしてちょうど,Jefferson
20170728,放火,"
",Saint Paul
20170728,放火,"
",Eugene
20170729,放火,反対側で、子犬は再び棒に突進し、頭から,Corpus Christi
20170729,強盗,くしゃみをしなかったのは、コックと、,McAllen
20170729,放火,どこにも見当たらなかった。彼女がプールで泳いでからすべてが変わってしまったようだった。,Santa Maria
20170729,詐欺,彼女のための場所がある限り。,Overland Park
20170730,詐欺,がっかりしたことにそれは空だった。彼女は瓶を落とすのが嫌だった。,North Las Vegas
20170730,窃盗,「いいえ、降参だわ」アリスは答えた。「答えは何？」,Fort Lauderdale
20170731,密輸,自分自身にとても良い忠告をした（もっとも、めったに従わなかったが）。,Birmingham
20170731,詐欺,"「なんて奇妙な感じ！」とアリスは言った。「まるで""",Boise
20170801,密輸,「君がやったんだ！」と帽子屋は言った。,Bonita Springs
20170802,強盗,「それならこう言っても同じことだ」と三月ウサギが付け加えた。「『私が,Tucson
20170802,殺人,「好きなように呼びなさい」と猫は言った。「女王とクロッケーをするのかい？」,Flint
20170802,暴行,言うべきことを！,Port Orange
20170802,恐喝,お茶とバター付きパンを、そしてヤマネの方を向いて,Cincinnati
20170803,詐欺,"エドガー・アシリングと共にウィリアムに会いに行き、彼に""",Youngstown
20170805,暴行,"
",New London
20170805,詐欺,とうとう芋虫は口から水煙管を外し、,Bel Air
20170806,贈収賄,病気だったに違いない。」,Deltona
20170806,窃盗,花や草の葉を、しかし彼女は,Winter Haven
20170806,暴行,砂がすっかり乾くと、彼はヒバリのように陽気になる。,Rancho Cucamonga
20170806,暴行,"
",Gainesville
20170806,贈収賄,"
",Toledo
20170808,殺人,（我々はそれが真実だと知っている）：,Costa Mesa
20170809,放火,"
",Monterey
20170809,強盗,"
",Santa Rosa
20170810,詐欺,約2フィートの高さで、急速に縮み続けていた。彼女はすぐに,Toledo
20170810,殺人,ヒインコ。,Aberdeen
20170810,殺人,始まった。アリスはこれまでこんなに奇妙なクロッケー場を見たことがないと思った。,Fairfield
20170810,放火,顎の下への一撃。それは彼女の足に当たった！,Havre de Grace
20170813,暴行,「あら、ごめんなさい！」アリスは急いで叫んだ。傷つけてしまったのではないかと心配して,Cedar Rapids
20170813,恐喝,鉄道だわ」と彼女は独り言を言った。（アリスは一度,Little Rock
20170814,密輸,この数分で彼女がどれほど大きくなったか、そして彼女はとても,New Bedford
20170817,詐欺,「なるほど！」と女王は言った。その間、彼女はバラを調べていた。,Berkeley
20170819,恐喝,小さな岩棚に悲しく寂しそうに座っていた。そして、彼らが近づくと,Eugene
20170819,暴行,とがった小さな顎をアリスの肩に押し付けながら彼女は付け加えた。「そして、その教訓は,Topeka
20170820,強盗,腕を組み、再び口から水煙管を外し、言った。「それで、君は,Mesquite
20170820,放火,こと」とアリスは、プールで気だるく泳ぎながら、半分独り言のように続けた。,Medford
20170820,殺人,"
",Charleston
20170820,恐喝,"
",Lewisville
20170820,強盗,彼女自身。「恥ずかしがり屋、彼らは何でもビルに押し付けるみたい！私なら,Oxnard
20170821,窃盗,とうとう、彼らの中で権威のある人物と思われたネズミが,New Orleans
20170821,密輸,どうしたらいいのかしら？」こう言いながら、彼女は突然開けた,Olathe
20170822,窃盗,"
",Escondido
20170822,強盗,「そしてそれ以来」と帽子屋は悲しげな口調で続けた。「彼は,Augusta
20170822,強盗,グリフォン。,South Lyon
20170823,窃盗,「お前の知ったことか、二！」と七は言った。,Colorado Springs
20170823,放火,"
",North Las Vegas
20170824,密輸,"
",Temecula
20170824,殺人,「何のまたたきだ？」と王は言った。,Syracuse
20170824,贈収賄,"
",Gainesville
20170824,窃盗,アリスは顔を伏せるべきかどうか少し迷った。,Bellevue
20170825,詐欺,「証言せよ」と王は言った。,Lincoln
20170825,強盗,鳥や獣たち、そしてトランプの全組。ジャックは,Santa Maria
20170825,強盗,葉：「芸を教えるのがとても好きだっただろうに、もし…もし私が,Erie
20170825,暴行,何度も見たことがあるから、もちろんどんなものか知ってるだろう。」,Richland
20170826,暴行,"
",Newark
20170826,放火,それがどんなに素晴らしい夢だったか。,Charlotte
20170826,放火,"
",Sarasota
20170826,殺人,彼女の足にとても密着していたので、彼女の,Little Rock
20170826,窃盗,"
",Thornton
20170827,暴行,アリスは顔を伏せるべきかどうか少し迷った。,Hollywood
20170827,密輸,なぞなぞを出し始めた…それは当てられると思うわ」と彼女は声に出して付け加えた。,Columbus
20170828,窃盗,「いやだね」とコックは言った。,McAllen
20170830,強盗,彼らの口…そしてパンくずだらけだ。,Waterbury
20170830,密輸,"
",Hampton
20170830,強盗,「重要…重要でない…重要でない…重要…」と、まるで試しているかのように,Burlington
20170830,恐喝,"
",Hayward
20170831,殺人,次に怒った声が聞こえた。ウサギの声だ。「パット！パット！どこにいるんだ？」そして,Virginia Beach
20170901,窃盗,彼女に近づくと、彼女は低くおずおずとした声で始めた。「もしよろしければ、旦那様…」,Lancaster
20170901,詐欺,知ってる、ああ、長くて巻き毛の茶色い髪で！そして、,Kalamazoo
20170901,贈収賄,「ディンがどこにいるかは知らないけど」と代用ウミガメは言った。「でも、もし君が,Elizabeth
20170901,放火,順番を間違えたために処刑され、彼女はその様子が気に入らなかった。,Murfreesboro
20170901,恐喝,「もし君が署名しなかったのなら」と王は言った。「それは事態を,Dallas
20170903,詐欺,"
",Long Beach
20170904,贈収賄,ガラスのテーブル。「さあ、今度はもっとうまくやるわ」と彼女は独り言を言った。,Cape Coral
20170904,窃盗,それがどんなに素晴らしい夢だったか。,Youngstown
20170904,窃盗,次に一体何をするのかしら！もし彼らに分別があれば、,Billings
20170905,強盗,と彼女は独り言を言い、大声で叫んだ。「もう二度とそんなことしない方がいいわよ！」,Las Cruces
20170906,窃盗,"
",Canton
20170906,密輸,彼女はできる限りそれに耐えた。,Yakima
20170906,殺人,"
",Dallas
20170906,詐欺,「いいえ、どうぞ続けてください！」アリスはとても謙虚に言った。「もう邪魔はしません。私は,Santa Clarita
20170906,贈収賄,教えてください、ここからどちらへ行けばよいのでしょうか？」,Aurora
20170907,窃盗,"「小さなワニはいかにして""",Chandler
20170907,殺人,"
",Honolulu
20170907,殺人,もっと取りなさい。,Gastonia
20170908,詐欺,スープでいっぱいのように見える大きな大釜。,Panama City
20170908,暴行,「どのくらいの大きさになりたい？」とそれは尋ねた。,Springdale
20170908,密輸,「ああ、私を悩ませないで」と公爵夫人は言った。「数字なんて大嫌いなの！」,Duluth
20170908,殺人,"
",Lacey
20170908,詐欺,"
",Fullerton
20170909,殺人,"
",Corona
20170909,殺人,"
",Grayslake
20170909,殺人,「本当にしませんわ！」とアリスは、,Provo
20170909,放火,彼女は独り言を言った。「もし変える正しい方法を知ってさえいれば…」その時、彼女は,Oxnard
20170910,恐喝,私たちを乾かす一番良い方法はコーカス・レースでしょう。」,Scottsdale
20170911,贈収賄,「売るために持っているんだ」と帽子屋は説明として付け加えた。「自分の,Worcester
20170911,密輸,この数分で、彼女は邪魔することを少しも恐れなくなった。,Sioux City
20170913,窃盗,「シロギスで作るんだ。これでわかっただろう。」,Clarke County
20170913,放火,ゲーム、それとも他の料理か？,Cincinnati
20170913,恐喝,その周りで…再びグリフォンの叫び声、,McHenry
20170913,暴行,彼女の人生。そこはすべて畝と溝だった。ボールは生きているハリネズミで、,Memphis
20170914,密輸,彼女の足にとても密着していたので、彼女の,St. Louis
20170914,贈収賄,年齢、これ以上言うことはなかった。,High Point
20170915,恐喝,"「英語を話せ！」と子ワシは言った。「半分も意味がわからん""",Detroit
20170915,窃盗,「ノックするのにも少しは意味があるかもしれませんがね」と従卒は続けた。,Atlanta
20170915,暴行,"
",Kissimmee
20170915,窃盗,言った、「それは糖蜜の井戸だった。」,Kissimmee
20170915,恐喝,「そしてあなたの髪はとても白くなった」,Henderson
20170916,窃盗,"
",Houma
20170916,贈収賄,"
",Visalia
20170916,窃盗,熱いスープ皿の中で待っている！,Pueblo
20170917,殺人,"
",McHenry
20170917,恐喝,"
",Port Arthur
20170917,窃盗,"
",Melbourne
20170917,暴行,「教えていただけますか」とアリスは少しおずおずと言った。なぜなら彼女は,Bloomington
20170918,密輸,また小さくなっているようだ。」彼女は立ち上がってテーブルへ行き、測ってみた。,Winston
20170918,恐喝,「どうぞ、それ以上長く言う手間はかけないでください」と,Toledo
20170918,窃盗,野獣のように一瞬、「首をはねろ！はねろ…」と叫んだ。,Fayetteville
20170918,贈収賄,"私が誰だか知ったら、彼はどんなに驚くでしょう！でも、彼を連れて行った方がいいわね""",Gilbert
20170919,窃盗,"
",Amarillo
20170919,強盗,「そして洗濯は？」と代用ウミガメは言った。,Bridgeport
20170919,詐欺,彼の話を終えるために戻る。,Bradenton
20170919,贈収賄,"
",Rockford
20170920,強盗,私を小さくするんだろうな。」,Wilmington
20170920,窃盗,"
",Trenton
20170921,殺人,"
",South Bend
20170921,詐欺,ロンドンはパリの首都、そしてパリはローマの首都、そして,Bremerton
20170921,恐喝,一日中こんなくだらないことを聞いていられると思うか？,Tallahassee
20170921,恐喝,もし嫌ならもっと。,Minneapolis
20170921,恐喝,ネズミを捕まえるのがとても上手で…ああ、ごめんなさい！」と叫んだ。,Phoenix
20170922,密輸,この瞬間、しばらくの間熱心に,Hollywood
20170922,暴行,"
",Hagerstown
20170922,暴行,少しは蹴れると思う！,St. Paul
20170922,暴行,子犬の鳴き声が遠くでかすかに聞こえるまで。,Tucson
20170925,贈収賄,子犬は棒に向かって短い突進を繰り返し、とても,Bloomington
20170926,贈収賄,"
",Davenport
20170926,密輸,弱々しく片足を伸ばし、彼女に触れようとした。「可哀想に！」,Jackson
20170926,強盗,「私じゃない！」とヒインコは急いで言った。,Phoenix
20170926,殺人,アリスに、彼女は続けた。「お嬢ちゃん、名前は何て言うの？」,Cathedral City
20170926,放火,テーブルがあり、その上にはタルトの大きな皿があった。それはとても美味しそうに見えた。,Warren
20170927,強盗,彼女はできた。なぜなら彼女の首は枝に絡まり続け、そして,Marina
20170927,詐欺,ロープ…屋根は持つか？…あの緩んだスレートに気をつけろ…ああ、来るぞ,Macon
20170927,暴行,"独り言を言った。「もし結局、狂乱状態だったらどうしよう！ほとんど""",Murrieta
20170927,密輸,ロンドンはパリの首都、そしてパリはローマの首都、そして,Clearwater
20170927,恐喝,"
",Fresno
20170928,強盗,別の制服を着た従卒が、丸い顔と、,Richmond County
20170928,強盗,彼女が下りていく間、周りを見回し、何が,Springfield
20170928,恐喝,"
",Canton
20170929,殺人,「このあたりにはどんな人たちが住んでいるの？」,Hartford
20170930,恐喝,"
",Garland
20170930,放火,彼女が泣いた涙のプールにいることを理解した。,Sioux City
20170930,贈収賄,私にはできない！私はあまりに遠すぎて悩ませることはできない。,Santa Ana
20171002,恐喝,生で食べるのが好きだ。,Lacey
20171002,殺人,"
",Glendale
20171002,贈収賄,"「お前の坊やには乱暴に話せ""",Tampa
20171002,詐欺,右側のかけらで効果を試す。次の瞬間、彼女は激しい,Thousand Oaks
20171002,窃盗,「絶対にない！」と女王は激怒して言い、インク壺をトカゲに投げつけた。,Mesa
20171003,殺人,「とてもうれしいですわ」とアリスは言った。「でも、私は招待されていません,Punta Gorda
20171004,密輸,"彼女は顎まで塩水に浸かっていた。彼女が最初に考えたのは、自分が""",Lakewood
20171004,暴行,フランスのネズミで、ウィリアム征服王と共にやってきたのだわ」（何しろ、,Sterling Heights
20171004,密輸,これは確かに有望に聞こえた。アリスは振り返って再び戻ってきた。,Norman
20171004,暴行,彼女が小さな動物（それがどんな種類のものか見当もつかなかった）の鳴き声を聞くまで,Detroit
20171005,殺人,それが続く間。）,Cape Coral
20171005,贈収賄,プレイヤーたちは順番を待たずに一斉にプレーし、口論し,Durham
20171006,贈収賄,彼がそれがからかうことだと知っているからだ。,Rockford
20171007,恐喝,"
",Fort Smith
20171009,強盗,くしゃみをしながらも、できる限り。,Lake Charles
20171009,詐欺,知ってる、ああ、長くて巻き毛の茶色い髪で！そして、,Inglewood
20171009,贈収賄,「それで、あれは何でできているの？」とアリスは大変な好奇心をもって尋ねた。,Waterloo
20171010,殺人,非難する,Cedar Rapids
20171010,密輸,彼女はこのあまりに突然の変化にかなり怯えたが、,Jersey City
20171010,密輸,幸運なことにアリスにとって、その小さな魔法の瓶は今やその効果を最大限に発揮していた。,Cedar Rapids
20171012,贈収賄,「まあ、自分では見せられないけどね」と代用ウミガメは言った。「僕はあまりに,Akron
20171012,放火,アリスは「それは公爵夫人のものです」と言う以外に何も思いつかなかった。,Norwalk
20171012,窃盗,夕べのスープ、美しいスープ！,Layton
20171012,放火,「豚って言ったの」アリスは答えた。「そして、現れたり,Aurora
20171012,殺人,いつも彼女の目に入ってきた。そして、彼女が聞いている間、あるいは聞いているように見えながらも,Davenport
20171013,放火,"
",Antioch
20171013,贈収賄,"彼女はずっと、それが""",West Covina
20171013,詐欺,「仕方ないの」アリスはとてもおとなしく言った。「大きくなってるの」,Evansville
20171013,殺人,とがった小さな顎をアリスの肩に押し付けながら彼女は付け加えた。「そして、その教訓は,Nashua
20171013,殺人,アリスは彼女がそんなに機嫌が良いのを見てとても嬉しく、そして思った。,Stockton
20171014,贈収賄,彼の目。彼はアリスを見て、話そうとしたが、一分か,New Orleans
20171015,殺人,あの暗いホールで、輝く花壇や,Eugene
20171015,殺人,早く、今すぐ！」そしてアリスはとても怖かったので、すぐに走り去った。,Austin
20171015,放火,行列だ」と彼女は思った。「もし人々が皆、,Lubbock
20171015,強盗,「そう、彼の仕事だ！」と五は言った。「そして彼に言うよ…それは,Washington
20171016,窃盗,もっと何かあるに違いないと思わずにはいられず、彼女はじっと座って言った。,Havre de Grace
20171016,殺人,アリスがドアを開けると、それは小さな通路に通じていた。,Modesto
20171016,殺人,"
",Odessa
20171017,贈収賄,"
",Kalamazoo
20171017,殺人,1、2分、それらを探し、そして静かにその後を行進した。,Bakersfield
20171017,贈収賄,望遠鏡のように縮む！できると思う、もし始め方さえ知っていれば。」,Atlanta
20171017,恐喝,瓶の半分を飲むと、彼女は自分の頭が天井に押し付けられているのに気づいた。,Cedar Rapids
20171018,恐喝,入っていなかった）、そしてそれを賞品として配った。ちょうど一つ,Chattanooga
20171018,詐欺,コースのあちこちに。「一、二、三、,Sioux City
20171018,殺人,「無礼なことを言うな」と王様は言った。「そして、そんな風に私を見るな！」,Antioch
20171018,強盗,4×7は…あらまあ！こんな調子じゃ20まで絶対たどり着かないわ！,Daytona Beach
20171019,窃盗,"
",Aurora
20171019,窃盗,彼女は独り言を言った。「もし変える正しい方法を知ってさえいれば…」その時、彼女は,Minneapolis
20171020,贈収賄,"
",Waterbury
20171020,窃盗,"
",Harrisburg
20171021,贈収賄,"
",Huntington
20171021,殺人,そしてアリスは女王に会いたくて、あたりを見回した。,Billings
20171022,恐喝,そこで七が見上げて言った。「その通りだ、五！いつも,Bradenton
20171023,窃盗,行く！ええと、クリスマスごとに新しいブーツをあげよう。」,GreenBay
20171023,贈収賄,息。」,Evansville
20171023,殺人,そして私のことを彼に話した。,Round Lake Beach
20171023,詐欺,"
",Santa Cruz
20171023,密輸,ろうそくが消えた後のろうそくがどんなものか、彼女は思い出すことができなかったからだ。,Murfreesboro
20171024,殺人,猫なしで！人生で見た中で一番奇妙なことだわ！,Rockford
20171024,密輸,「最高のバターだったよ」と三月ウサギは素直に答えた。,Orem
20171024,窃盗,「家にいた方がずっと楽しかったわ」と可哀想なアリスは思った。「,Clarksville
20171025,放火,チェリータルト、カスタード、パイナップル、ローストターキー、トフィー、そして熱い,Daly City
20171025,暴行,"
",Providence
20171025,放火,ネズミを,Port Arthur
20171027,放火,裁判が終わった」と彼女は思った。「そして軽食を配る！」しかしそこには,Cambridge
20171027,殺人,生で食べるのが好きだ。,Youngstown
20171027,強盗,トカゲの石筆、そして抑えられたモルモットたちの窒息。,Waterbury
20171027,詐欺,「リンゴ掘りだと、まったく！」とウサギは怒って言った。「こっちだ！来て,San Jose
20171028,放火,"
",Yakima
20171028,贈収賄,その小さな生き物は（この時までにくしゃみをやめていた）返事としてブーブー言った。,Jersey City
20171028,暴行,彼らが30分ほど走って、すっかり乾いたとき,Peoria
20171029,殺人,"
",Washington
20171029,暴行,ここで他のモルモットが歓声を上げ、そして抑えられた。,Hagerstown
20171029,強盗,チェシャ猫が木の枝に座っているのを見て、少し驚いた。,Murfreesboro
20171031,放火,裁判、,Lubbock
20171101,暴行,腕を組んで一番上に座り、静かに長い,Oxnard
20171101,密輸,会話？,Yonkers
20171101,暴行,うさぎ！次はダイナが私にお使いを頼むのかしら！」そして彼女は,Mesquite
20171102,密輸,アリスは顔を伏せるべきかどうか少し迷った。,Chesapeake
20171102,贈収賄,今度アリスは、それが再び話す気になるまで辛抱強く待った。やがて,Santa Clarita
20171103,殺人,"
",Vero Beach
20171104,詐欺,"
",Fort Collins
20171105,密輸,ネズミにもっと何か話してくれるよう頼んだ。,Fort Collins
20171105,放火,教科書なんて！,Fayetteville
20171105,詐欺,「本当に、今そう聞かれると」とアリスはとても混乱して言った。「私は,Port Saint Lucie
20171105,贈収賄,"
",New London
20171106,強盗,近づくと、アリスは彼が胸が張り裂けそうなほどため息をついているのが聞こえた。彼女は,Myrtle Beach
20171106,殺人,なのに、あなたは鼻の先でウナギのバランスをとった。,Charleston
20171106,暴行,歌手のリストを読んでいた女王。,Oklahoma City
20171107,恐喝,"鳥たちはすぐに飛び去った。一羽の年老いたカササギが、とても""",Berkeley
20171107,暴行,法廷の向こう側。,Augusta
20171107,殺人,"
",Concord
20171107,放火,そして彼女が試すのに疲れ果てたとき、その可哀想な小さな生き物は,Tucson
20171107,恐喝,「ありがとう」とアリスは言った。「とても面白いわ。こんなにたくさん,Clearwater
20171108,密輸,台所で会うと獰猛だった。,Corpus Christi
20171108,恐喝,「証言せよ」と王は言った。,Rockford
20171108,放火,しかし、ああ！その小さなドアはまた閉まっていて、小さな金の鍵は,Yonkers
20171108,暴行,瓶を下ろし、独り言を言った。「これで十分…もう,Clarksville
20171109,恐喝,「仕方なかったんだ」と五が不機嫌な声で言った。「七が僕の,Waterbury
20171109,強盗,アリスはウサギが言うのを聞いた。「手押し車一杯でいい、まずは。」,Jersey City
20171109,放火,「あなたのテーブルだとは知りませんでした」とアリスは言った。「たくさんの,Denver
20171110,暴行,片足からもう一方の足へと、不安そうに女王を見つめ、そして,Richmond
20171110,密輸,変な時計ね！」と彼女は言った。「月の日付はわかるけど,Virginia Beach
20171110,密輸,これは会話を始めるのに勇気づけられるものではなかった。アリスは答えた。,Olathe
20171111,恐喝,"そのどちらの側かを見分けようとした。そして、それは完全に""",Little Rock
20171111,窃盗,小さな岩棚に悲しく寂しそうに座っていた。そして、彼らが近づくと,Clarke County
20171111,贈収賄,"
",Hialeah
20171112,殺人,あっという間だ！さあ、選べ！,Downey
20171113,詐欺,彼女がちょうど良い大きさに近くなってからとても長かったので、それは,Flint
20171113,暴行,"
",Oxnard
20171113,贈収賄,"
",Long Beach
20171114,暴行,「ロブスターだ！」とグリフォンは空中に飛び上がりながら叫んだ。,Inglewood
20171114,暴行,"海。先生は年老いたカメだった…私たちは彼をトータスと呼んでいた…""",Elk Grove
20171114,窃盗,彼女は質問を繰り返した。「なぜ彼らは井戸の底に住んでいたの？」,Norwalk
20171116,贈収賄,見られずに立ち去ることができるかと思ったとき、彼女は奇妙な光景に気づいた。,Kenosha
20171116,詐欺,「こっちに渡しなさい」とドードーは言った。,Fort Smith
20171117,強盗,その打撃が痛かったのかどうかは、まったく言うことができなかった。,Jersey City
20171118,窃盗,第1章 ウサギの穴に落ちて,Durham
20171119,恐喝,ヤマネには居心地が悪いだろうな」とアリスは思った。「ただ、眠っているから,Harrisburg
20171119,恐喝,「あなたが彼女のところへ行ったと聞きました,San Antonio
20171119,窃盗,それを否定している。次は卵を食べたことがないとでも言うつもりだろう。,Springdale
20171119,詐欺,まるで授業を受けているかのように膝の上に手を置き、それを繰り返し始めた。,Athens
20171119,暴行,"
",Little Rock
20171120,強盗,巻き毛で、私のは全然巻き毛じゃないし、それに私はきっと,Winter Haven
20171120,密輸,答えた。「靴墨でできてるんだと思う。」,Sacramento
20171120,強盗,「お願い、戻ってきてお話を終えて！」アリスはその後を追って叫んだ。そして,St. Paul
20171121,放火,一方の端からもう一方の端まで。公爵夫人は三本足の椅子に座っていた。,New York City
20171121,窃盗,"12人の陪審員は皆、石板に熱心に何かを書いていた。「彼らは何をしているのかしら""",Paterson
20171121,詐欺,腕を組み、再び口から水煙管を外し、言った。「それで、君は,New York City
20171122,贈収賄,「重要…重要でない…重要でない…重要…」と、まるで試しているかのように,Killeen
20171122,強盗,"アリス）…そして、もしかしたらロブスターに紹介されたこともないかもしれない…""",Fayetteville
20171122,殺人,(アリスの愛をこめて)。,Madison
20171122,詐欺,"
",Kalamazoo
20171123,強盗,ロープ…屋根は持つか？…あの緩んだスレートに気をつけろ…ああ、来るぞ,Sunnyvale
20171123,詐欺,「とてもきれいな踊りに違いありませんわ」とアリスはおずおずと言った。,Pomona
20171123,贈収賄,肩はどうなったの？そして、ああ、私の可哀想な手、どうしてあなたたちが見えないの？」,Westminster
20171123,密輸,"
",Appleton
20171123,恐喝,「持ち場につけ！」と女王は雷のような声で叫び、,Ocala
20171124,殺人,ホールにはぐるりとドアがあったが、すべて鍵がかかっていた。そして,Ocala
20171124,贈収賄,指一本で石板に、何の跡もつかないとわかったからだ。しかし、彼は今、急いで,Seattle
20171124,詐欺,全く。彼らを怖がる必要はないわ！,Wilmington
20171124,暴行,"
",Sioux Falls
20171124,贈収賄,彼に）「彼に6ペンスあげよう。私は一片も,Akron
20171125,密輸,"
",Monroe
20171126,殺人,"
",Port Orange
20171126,殺人,アリス）「ええと、よくわからない…もういい、ありがとう。今は良くなった…でも、,Hemet
20171126,窃盗,それ。彼女はガラス越しにはっきりとそれを見ることができ、彼女は,Salem
20171126,放火,"
",Hollywood
20171127,詐欺,アリス）「ええと、よくわからない…もういい、ありがとう。今は良くなった…でも、,Cedar Rapids
20171127,詐欺,私たちがいたそのままで。,Bakersfield
20171127,強盗,"あなたに聞こえるはずがない。」そして確かに、そこにはとてつもない騒音が""",Chicago
20171127,窃盗,「少し見てみたいかい？」と代用ウミガメは言った。,Sacramento
20171127,恐喝,悪くなる。あなたは何か悪意があったに違いない、さもなければ自分の,Miramar
20171128,窃盗,アリスは、地に沈みたいような気持ちだった。とうとうグリフォンが言った。,Santa Clarita
20171128,詐欺,お腹が空くこともないでしょうね。」,Ann Arbor
20171128,放火,「ああ、すごく奇妙な夢を見たの！」とアリスは言って、彼女は,Huntington
20171128,殺人,曲がる、と思う？」,Topeka
20171128,窃盗,そして部屋を出ようとしたちょうどその時、彼女の目に小さな,Providence
20171130,密輸,土手で、何もすることがないこと。一度か二度、彼女は,Lewisville
20171130,暴行,ダイヤの、そして兵士たちのように二人一組で歩いていた。これらの後に来たのは,Dallas
20171130,詐欺,"
",Saint Petersburg
20171130,放火,「これには飽きてきた。お嬢さんに物語を話してもらおうじゃないか。」,Hayward
20171202,贈収賄,「でも、私はどうしたらいいの？」とアリスは言った。,Baltimore
20171202,強盗,"
",Salinas
20171202,窃盗,三人の庭師のように、しかし彼女は今まで聞いたことがあるのを思い出せなかった。,Youngstown
20171202,贈収賄,次に怒った声が聞こえた。ウサギの声だ。「パット！パット！どこにいるんだ？」そして,Tuscaloosa
20171203,殺人,大きくなったら、一冊書くわ…でも、もう大きくなっちゃった」と彼女は悲しげに付け加えた。,Yakima
20171203,暴行,"一瞬の休みもなく交互に。台所にある唯一のものは""",Springdale
20171203,贈収賄,一瞬の猶予もなかった。アリスは風のように走り去り、そして,Peoria
20171204,暴行,そして彼の後ろの木の一つにぶつかって粉々になった。,Killeen
20171204,贈収賄,"
",Carrollton
20171205,窃盗,「ダジャレだ！」と王様は気分を害した口調で付け加え、皆が笑った。,Greensboro
20171205,暴行,「あなたは年をとっている」と若者は言った。「前にも言ったように,Fort Wayne
20171205,密輸,「見たことも、聞いたこともありませんわ」とアリスは言った。,Irving
20171205,窃盗,彼女はその体を、心地よく,Richmond
20171205,殺人,恐怖の苦しみ。「ああ、彼の precious な鼻が！」と、異常に,Providence
20171206,強盗,置き去りにするのは殺人じゃないかしら？」彼女は最後の言葉を声に出して言った。そして,Scranton
20171206,窃盗,それは再び水を打ったような静けさを生んだ。,Lexington
20171206,恐喝,「あなたが彼女のところへ行ったと聞きました,Aurora
20171206,詐欺,彼女に、時間をつぶすために。,Scranton
20171206,窃盗,尋ねるために。,Toledo
20171208,密輸,「あなたは年をとっている」と若者は言った。「前にも言ったように,Vero Beach
20171208,殺人,火をつけ、すぐに手の届くものすべてを,Norman
20171208,殺人,と答えた。「それから算数のさまざまな分野…野心,Fairfield
20171208,窃盗,前足で拍子を取り、代用ウミガメはこれをとてもゆっくりと歌った。,Baltimore
20171209,放火,まだ大した証拠はないわ」と彼女は独り言を言った。彼女の驚きを想像してみてほしい。,Santa Cruz
20171211,窃盗,裁判が終わった」と彼女は思った。「そして軽食を配る！」しかしそこには,Visalia
20171211,強盗,"
",Gulfport-Biloxi
20171211,強盗,"
",Athens
20171212,強盗,この間ずっと、女王は帽子屋をじっと見つめるのをやめなかった。そして,Baton Rouge
20171212,暴行,木々、彼女の頭上ですぐに鋭い鳴き声がして、彼女は,Odessa
20171212,強盗,台所で会うと獰猛だった。,Nashville
20171212,窃盗,屋根から。,Cleveland
20171212,詐欺,次に怒った声が聞こえた。ウサギの声だ。「パット！パット！どこにいるんだ？」そして,Chula Vista
20171213,暴行,会話？,Round Lake Beach
20171213,窃盗,"
",Pueblo
20171213,密輸,王室の子供たち、そして他の皆。,Orlando
20171215,窃盗,今回は誰も聞いていなかった。全く,Corona
20171215,暴行,また小さくなっているようだ。」彼女は立ち上がってテーブルへ行き、測ってみた。,North Charleston
20171216,強盗,絶望的で誰にでも助けを求めたいほどだった。だから、ウサギが,Richmond County
20171217,強盗,"
",Boston
20171217,強盗,どこにも見当たらなかった。下を見ると、彼女に見えたのは,Orlando
20171217,贈収賄,「最高のバターだったよ」と三月ウサギは素直に答えた。,McAllen
20171217,放火,白ウサギのそばを歩いていた。彼は不安そうに彼女の顔を覗き込んでいた。,Fargo
20171219,放火,"
",Newport News
20171219,殺人,猫はニヤニヤ笑うことができる、と。,Marina
20171219,恐喝,なしでいいわ…たぶん、いつもコショウが人を短気にするのね」,Harlingen
20171219,暴行,それなのに、あなたは絶えず逆立ちしている。,Fort Walton Beach
20171220,窃盗,彼らは死ぬだろう。,Kissimmee
20171220,窃盗,再びまっすぐになり、全体として、最初の1分間は,Nashua
20171220,暴行,二つ。,Merced
20171220,恐喝,「おや、お前の靴は何でできてるんだ？」とグリフォンは言った。「つまり、何で,Palm Springs
20171221,贈収賄,「彼女は牢屋にいる」と女王は死刑執行人に言った。「彼女をここに連れてきなさい。」,Lorain
20171222,暴行,"
",Coral Springs
20171222,密輸,キノコ、そして彼女の目はすぐに大きな芋虫の目と合った。,Las Vegas
20171223,放火,私がやったとは証明できない。最後に署名がないからだ。」,Escondido
20171223,暴行,"
",Roanoke
20171224,殺人,"
",Akron
20171224,密輸,とぐろを巻いて気絶。,Pompano Beach
20171225,贈収賄,一人一つずつ。,St. Paul
20171225,贈収賄,アリスがドアを開けると、それは小さな通路に通じていた。,Chattanooga
20171226,贈収賄,「気にするな！」と王様は大変安堵した様子で言った。「次のを呼べ,Norfolk
20171227,窃盗,静寂、そして再び声の混乱…「頭を支えろ…ブランデー,Chicago
20171227,強盗,"
",Raleigh
20171229,強盗,頭。「もしこのケーキを一つ食べたら」と彼女は思った。「きっと,Tempe
20171229,詐欺,"
",Antioch
20171229,詐欺,「なぜって」とグリフォンは言った。「まず、,Spokane
20171229,強盗,「蛇だ、もう一度言う！」とハトは繰り返したが、声の調子は和らいでいた。,West Covina
20171231,殺人,短い言葉をかけ、彼女は背筋を伸ばして、とても真面目に言った。「私は思います,Glendale
20171231,窃盗,"「好きなものを手に入れる」ことと同じだ！』""",Huntington Beach
20171231,詐欺,ドアは大きな台所に直接通じており、そこは煙でいっぱいだった。,Honolulu
20171231,恐喝,「その通りだ」と王様は言った。,Yonkers
20171231,恐喝,"
",Pomona
20180101,恐喝,"
",Frederick
20180101,窃盗,そんなこと。,Houston
20180102,強盗,パイがすっかりなくなると、フクロウは褒美として,Las Cruces
20180103,窃盗,そこで彼らは厳かにアリスの周りをぐるぐると踊り始めた。時々,Fort Lauderdale
20180104,密輸,の時代にはその意味を全く知らなかった。しかし、『陪審員』で十分だっただろう。,Reno
20180104,恐喝,疑いようもなかった。ただアリスはそう言われるのが好きではなかった。「本当に,Lakeland
20180104,密輸,"
",Cathedral City
20180105,恐喝,一分一分変わっていくなんて！でも、元の,Canton
20180105,放火,「でも、狂った人たちの中には行きたくないわ」とアリスは言った。,Scranton
20180105,殺人,踊りに加わらないか、加わるか、加わらないか、加わるか？,Sioux City
20180106,贈収賄,娘に「ああ、おまえ！これはおまえが決して,Cambridge
20180106,恐喝,ここでは人を斬首するのが好きなんだ。不思議なことに、誰か,Orlando
20180106,強盗,私たちがいたそのままで。,Wilmington
20180106,贈収賄,"
",Utica
20180106,殺人,"あなたに聞こえるはずがない。」そして確かに、そこにはとてつもない騒音が""",Tempe
20180107,贈収賄,力強く強調し、アリスをじっと見つめながら言った。,Ann Arbor
20180108,暴行,"
",Saint Petersburg
20180108,殺人,"
",New Bedford
20180108,贈収賄,再び始め、顔を伝うインクを、それが続く限り使った。,Chattanooga
20180108,恐喝,「もちろん違うさ」と代用ウミガメは言った。「だって、もし魚が僕のところへ来て,Evansville
20180108,密輸,それから二人は深くお辞儀をし、彼らの巻き毛が絡み合った。,St. Louis
20180110,強盗,へ,Charleston
20180110,放火,「何も」とアリスは言った。,Flint
20180110,放火,「何一つありません」とアリスは言った。,Hialeah
20180110,贈収賄,"
",Barnstable
20180110,恐喝,知ってる。,Corpus Christi
20180111,暴行,高さ約2フィート。それでも彼女はかなりおずおずとそれに近づいた。,Harlingen
20180111,恐喝,それが指し示した方向に、それが犯した間違いを説明しようともせずに,San Francisco
20180111,強盗,「ああ、すごく奇妙な夢を見たの！」とアリスは言って、彼女は,Bonita Springs
20180113,贈収賄,「生き物たちはなんて命令するのかしら、そして授業を繰り返させるなんて！」,Danbury
20180113,窃盗,「私を食べて」と干しブドウで美しく書かれていた。「よし、食べよう」と,Portsmouth
20180113,窃盗,女王は怒りで真っ赤になり、しばらく彼女をにらみつけた後,Sarasota
20180113,強盗,ドア、ぼんやりと空を見上げていた。,Stamford
20180113,詐欺,彼らのもの、そして小さいものは喉を詰まらせて背中をたたかれなければならなかった。,Lincoln
20180114,詐欺,その名前を気に入るかどうか。しかし、それはただ少しだけ広くニヤリと笑っただけだった。,Beaumont
20180114,贈収賄,"
",Lancaster
20180114,窃盗,"
",Kansas City
20180114,強盗,"
",Philadelphia
20180114,強盗,「それを説明してほしいな」と代用ウミガメは言った。,Reno
20180115,放火,ネズミのようにね。でも、猫はコウモリを食べるのかしら？」ここでアリスは,San Buenaventura
20180115,贈収賄,ここで他のモルモットが歓声を上げ、そして抑えられた。,Marysville
20180115,詐欺,ヤマネはゆっくりと目を開けた。「眠ってなんかいなかった」と彼は,Yakima
20180115,詐欺,王は眼鏡をかけ、不安そうに周りを見回し、誰が,Bryan
20180117,窃盗,何もないよりはマシだ。」,San Diego
20180117,贈収賄,別の制服を着た従卒が、丸い顔と、,Reno
20180117,密輸,"
",Knoxville
20180117,詐欺,好きなだけ一時半に。,Baton Rouge
20180118,贈収賄,アリスは熱心に答えた。彼女はいつも自分のペットについて話す準備ができていたからだ。,Boise
20180118,放火,続けた。「それとも、代用ウミガメに歌を歌ってもらいたいかい？」,Bradenton
20180118,窃盗,あまりに怖くて一言も言えなかったが、ゆっくりと彼女について,Honolulu
20180118,暴行,小さな白い子ヤギ革の手袋の。彼女は扇子と手袋を一組手に取った。,Punta Gorda
20180120,詐欺,そして、合間に物を洗う時間もないんだ。」,Salt Lake City
20180120,殺人,「思い出さねばならん」と王は言った。「さもなければお前を処刑するぞ。」,Yonkers
20180121,密輸,"
",Concord
20180121,暴行,考えられない！ああ、鳥を追いかける彼女を見てほしい！だって,Vancouver
20180122,窃盗,兵士たちが残って不幸な庭師たちを処刑し、彼らは,Fontana
20180123,詐欺,"
",Shreveport
20180123,暴行,「彼女たちは糖蜜を食べて生きていた」とヤマネは一、二分考えてから言った。,Killeen
20180123,暴行,行列だ」と彼女は思った。「もし人々が皆、,Fort Worth
20180124,密輸,"
",Murfreesboro
20180124,強盗,「たぶん、一つもないのかもしれないわ」とアリスは思い切って言った。,Vancouver
20180124,詐欺,「もし…なら、もっとよく理解できると思います」とアリスはとても丁寧に言った。,Hesperia
20180125,強盗,"
",Lubbock
20180125,密輸,これは証人を全く勇気づけるものではなかった。彼は動き続けた。,Palm Springs
20180125,窃盗,口を開けて、,Reno
20180125,贈収賄,ウサギのように、そしてそれを恐れる理由もなかった。,Elk Grove
20180126,暴行,"
",Pasadena
20180126,贈収賄,それを探している間、一行の残りはゲームに戻った。,Columbia
20180126,密輸,シロギスのこと！,Fresno
20180127,窃盗,三月ウサギ。,Portsmouth
20180127,贈収賄,"
",Marina
20180127,放火,そして彼は次の言葉で続けた。,Denver
20180127,詐欺,もっとうまくいく。,Bradenton
20180127,殺人,"
",Bel Air
20180128,暴行,厳かな口調で言った。「公爵夫人へ。女王からの招待状だ,Corona
20180129,贈収賄,ドアは内側に開き、アリスの肘がそれに強く押し付けられた。,Boston
20180129,恐喝,「まだだ、まだだ！」とウサギは急いで割り込んだ。「まだたくさん,Clarksville
20180129,強盗,あなたの年で、それが正しいと思いますか？」,Hemet
20180129,密輸,「始めから始めよ」と王は厳かに言った。「そして、,Hartford
20180130,密輸,教えてください、ここからどちらへ行けばよいのでしょうか？」,Bridgeport
20180131,暴行,「最初はそうでもないかもしれない」と帽子屋は言った。「でも、,Boise City
20180131,強盗,"
",Coral Springs
20180131,放火,そしてすぐに床にひざまずかなければならなかった。もう一分もすると,Davidson County
20180131,殺人,彼女は自分自身について思った。「生き物たちがこんなに簡単に,San Buenaventura
20180201,密輸,王は彼女の腕に手を置き、おずおずと言った。「考えてみてくれ、,Seattle
20180201,贈収賄,"
",Baton Rouge
20180201,殺人,水煙管を口にくわえて再び吸い始めた。,North Port
20180202,詐欺,アリスがドアを開けると、それは小さな通路に通じていた。,Johnson City
20180202,窃盗,"
",Waco
20180202,強盗,ちょうどその時、アリスはとても奇妙な感覚を覚え、それは彼女を,Las Vegas
20180202,窃盗,"
",Lewisville
20180202,恐喝,昔と同じように：,Huntington
20180203,放火,「そんなに欲しくはなかったでしょう」とアリスは言った。「,Modesto
20180203,強盗,そして、彼らが近づきすぎると彼女のつま先を踏み、彼らの,Bryan
20180203,殺人,"
",Normal
20180204,恐喝,"
",South Bend
20180204,暴行,そしてすぐに床にひざまずかなければならなかった。もう一分もすると,Normal
20180206,暴行,テーブルの脚の一本を登ろうと最善を尽くしたが、それはあまりに滑りやすかった。,Duluth
20180206,暴行,"
",Columbia
20180208,放火,あっという間だ！さあ、選べ！,Asheville
20180209,窃盗,三月ウサギ。,Lubbock
20180209,詐欺,その前に来ることがたくさんある！,Olathe
20180209,殺人,「では、その言葉はお前に合わんな」と王は法廷を見回して言った。,Kalamazoo
20180209,殺人,"
",Boise
20180209,贈収賄,幸運なことにアリスにとって、その小さな魔法の瓶は今やその効果を最大限に発揮していた。,Miami
20180210,窃盗,"
",Visalia
20180210,窃盗,「ダジャレだ！」と王様は気分を害した口調で付け加え、皆が笑った。,Birmingham
20180211,窃盗,"
",Hesperia
20180212,放火,"
",Lorain
20180213,強盗,「代用ウミガメスープはこれから作られるのよ」と女王は言った。,Brownsville
20180213,詐欺,あなたがちょうど読んでいた彼女の。そして彼女が,Lafayette
20180213,恐喝,うたた寝。しかし、帽子屋につままれると、それは再び,Fresno
20180213,密輸,"
",Indianapolis
20180214,殺人,"
",Gilbert
20180214,殺人,"
",Scottsdale
20180214,放火,よければ私の手にキスをしてもいいわ。」,Joliet
20180215,殺人,赤ん坊は再びブーブーと鳴き、アリスはとても心配そうにその顔を覗き込んだ。,Lexington
20180215,密輸,"
",Fort Wayne
20180215,窃盗,何年？,Kailua
20180215,強盗,彼女に聞いてみた方がいい。」,St. Petersburg
20180216,詐欺,「まあ、とにかく私は行かないわ」とアリスは言った。「それに、それは,Reading
20180216,密輸,次に何が起こるかとても不思議に思いながら。,Erie
20180216,贈収賄,"
",Laredo
20180218,密輸,急いで、白ウサギが「法廷では静粛に！」と叫び、,Detroit
20180218,恐喝,* * * * * *,Temecula
20180220,強盗,十分だ。こだわりすぎるな…おい、ビル！これを捕まえろ,Elizabeth
20180220,放火,"
",Fairfield
20180220,詐欺,ちょうどヤマネが法廷を横切ったとき、彼女は役人の一人に言った。,Clearwater
20180221,詐欺,"「何をしているの？」アリスはグリフォンにささやいた。「彼らは何かを""",Hampton
20180221,窃盗,前に、そして彼は彼の年齢で始めるつもりはなかった。,Gastonia
20180221,贈収賄,彼らのもの、そして小さいものは喉を詰まらせて背中をたたかれなければならなかった。,Indianapolis
20180222,恐喝,"鳥たちはすぐに飛び去った。一羽の年老いたカササギが、とても""",Albuquerque
20180224,暴行,それから二人は深くお辞儀をし、彼らの巻き毛が絡み合った。,Westminster
20180224,密輸,"
",North Las Vegas
20180224,詐欺,この奇妙な子供は二人いるふりをするのがとても好きだったからだ。,Augusta
20180225,暴行,"
",Rancho Cucamonga
20180225,恐喝,口調。「ここじゃ誰も彼女を好きじゃないみたい。でも、彼女が一番の,Norwalk
20180225,殺人,"
",Pompano Beach
20180227,密輸,"
",Kissimmee
20180227,詐欺,その後ろには高さ約15インチの小さなドアがあった。彼女は試した。,Savannah
20180227,放火,事故、トカゲを除いて全員。彼はあまりに打ちのめされて何もできなかった。,Trenton
20180227,殺人,美しのスープ！,Visalia
20180228,密輸,見えなくなり、どんどん遠ざかっていった）。「ああ、私の可哀想な小さな足、,Cincinnati
20180228,暴行,"
",Frederick
20180302,放火,"
",Modesto
20180302,暴行,この件に関与し,Jefferson
20180302,殺人,「ロブスターのカドリーユの別の型を試してみるか？」とグリフォンは続けた。,Bel Air
20180303,窃盗,"
",Ocala
20180304,恐喝,"
",Fort Worth
20180305,恐喝,週に一度来ていた先生だ。先生は私たちにのろのろ、ぐずぐず、そして,Spartanburg
20180305,強盗,"
",Charlotte
20180305,放火,「全く同感だわ」と公爵夫人は言った。「そして、その教訓は,Cary
20180305,密輸,それがネズミをみんな殺すって…ああ、大変！」アリスは悲しげに叫んだ。,Utica
20180307,贈収賄,白ウサギが急いで通り過ぎると、長い草が彼女の足元でざわめいた。,Hemet
20180308,強盗,再び巣の中へ。アリスはできるだけ木々の間にしゃがみこんだ。,Burlington
20180309,放火,それ、「そして絵も会話もない本なんて、何の役に立つの」とアリスは思った。,Moreno Valley
20180309,贈収賄,彼女は、ランプの列が吊り下がって照らしている、長くて低いホールにいた。,Vancouver
20180309,窃盗,アリスに対する権威。,Jackson
20180310,密輸,あなたが次の証人を反対尋問しなければならない。それは私の額を,Knoxville
20180310,放火,"テーブルの上に。「それ以上に明らかなことはない。それからまた…『彼女が""",Berkeley
20180311,贈収賄,"
",Dallas
20180311,窃盗,公爵夫人と赤ん坊…最初に火かき棒が、次に,Evansville
20180311,放火,"
",Garden Grove
20180311,殺人,"
",Winter Haven
20180312,密輸,「とても」とアリスは言った。「公爵夫人はどこ？」,Erie
20180313,恐喝,"
",Medford
20180313,詐欺,結局、何か聞く価値のあることを教えてくれるかもしれない。しばらくの間,Durham
20180313,恐喝,巨大な子犬が大きな丸い目で見下ろしていた。,Greensboro
20180314,殺人,口調で、「また怒らせてしまったかしら！」と思った。なぜなら、ネズミは泳いでいたからだ。,Baltimore
20180315,放火,ハートの王様と女王様が玉座に座っていたとき、彼らは,Abilene
20180316,放火,「家を焼き払わなければ！」とウサギの声がした。そしてアリスは呼んだ。,Portsmouth
20180316,窃盗,「そしてそれ以来」と帽子屋は悲しげな口調で続けた。「彼は,Costa Mesa
20180316,殺人,"
",Naples
20180316,殺人,"
",Tampa
20180317,詐欺,"
",Frederick
20180318,殺人,"
",Austin
20180319,強盗,情熱。彼女はすでにプレイヤーの三人に判決を下すのを聞いていた。,Odessa
20180319,恐喝,「それならこう言っても同じことだ」と、ヤマネが付け加えた。彼は,Reading
20180319,恐喝,"
",Buffalo
20180319,恐喝,女王とクロッケーをする」そして彼女は部屋を急いで出た。コックは,Manchester
20180319,殺人,去れ。「そんな馬鹿げた話をして、私を侮辱するのか！」,Fort Collins
20180320,密輸,「立ち上がって『怠け者の声』を暗唱しなさい」と,Portland
20180320,恐喝,アリスは立ち上がった。彼女の心に、自分が,Long Beach
20180320,放火,そんなに頻繁に変えるのが好きじゃないんだよ。」,Ocala
20180320,贈収賄,そして宴会を終えた…］,Murfreesboro
20180321,暴行,「もちろん」と代用ウミガメは言った。「二歩進んで、パートナーに…」,Washington
20180321,暴行,変な時計ね！」と彼女は言った。「月の日付はわかるけど,Saginaw
20180321,強盗,「始めから始めよ」と王は厳かに言った。「そして、,Winter Haven
20180322,放火,火傷をしたり、野生動物に食べられたりした子供たちの小さな物語,Joliet
20180323,密輸,まるで授業を受けているかのように膝の上に手を置き、それを繰り返し始めた。,Rancho Cucamonga
20180324,密輸,二人一組で手をつなぎ、楽しそうに飛び跳ねていた。彼らは皆,Dayton
20180324,恐喝,"
",Harrisburg
20180324,密輸,"
",Jacksonville
20180325,殺人,「そこで会おう」と猫は言って、姿を消した。,Lake Charles
20180325,恐喝,"
",Carrollton
20180325,窃盗,座り込んで泣いた。,Toledo
20180325,詐欺,"角：次に10人の廷臣たち。彼らは全身を""",Coral Springs
20180327,強盗,"
",Providence
20180328,暴行,美しのスープ！,Lansing
20180329,密輸,「あなたが彼女のところへ行ったと聞きました,Lancaster
20180329,殺人,熱いスープ皿の中で待っている！,Duluth
20180329,窃盗,"
",Syracuse
20180329,殺人,コウモリは猫を食べるの？」なぜなら、ご存知の通り、彼女はどちらの質問にも答えられなかったので,Odessa
20180329,密輸,「証言せよ」と王様は言った。「そして緊張するな、さもないと,Bryan
20180330,殺人,知識をひけらかすにはあまり良い機会ではなかった。なぜなら,Oceanside
20180330,窃盗,"
",Detroit
20180330,窃盗,"
",York
20180330,強盗,「では、参れ！」と女王が叫び、アリスは行列に加わった。,Lakewood
20180331,放火,「ただの指ぬきですわ」とアリスは悲しそうに言った。,Coral Springs
20180331,強盗,あなた」と（彼女はそう言ってもよかった）、「こんな風に泣き続けるなんて！これをやめなさい,Wilmington
20180331,恐喝,"
",Garland
20180331,贈収賄,この時までに、彼女はテーブルのあるこぎれいな小部屋にたどり着いていた。,Port Arthur
20180331,密輸,何もないよりはマシだ。」,Bradenton
20180401,贈収賄,二つの理由があります。第一に、私はあなたと同じドアの側にいるからです。,Springfield
20180401,詐欺,"
",Grayslake
20180401,放火,三人の庭師は、長方形で平らで、手と足は,Bakersfield
20180401,詐欺,「なぜ彼をトータスと呼んだの、もし彼がそうでなかったら？」アリスは尋ねた。,Melbourne
20180402,窃盗,彼女は独り言を言った。「何か食べたり飲んだりするたびに。だから、何が,Gastonia
20180402,暴行,"その瞬間、彼女は正しい英語の話し方をすっかり忘れてしまった）。「今、私は""",Ogden
20180402,暴行,「危ないところだったわ！」とアリスは、,Portsmouth
20180402,強盗,"
",Naperville
20180402,放火,アリスはこれにはあまり驚かなかった。奇妙なことにすっかり慣れてきていたからだ。,Naples
20180403,強盗,公爵夫人は少し間を置いて言った。「その理由は、私が,Roseville
20180404,強盗,ウサギが、大急ぎで飛び上がった。「この紙はたった今拾われたばかりです,Orange
20180404,窃盗,アリスはなだめるような口調で言い、それに口笛を吹こうと一生懸命になったが,Murfreesboro
20180404,暴行,「このお嬢さんがね」とグリフォンは言った。「あんたの身の上話を知りたがってるんだよ,Santa Maria
20180404,放火,「とんでもない」とアリスは言った。「彼女はとても…」その時、彼女は気づいた。,South Bend
20180406,強盗,「ああ、それは仕方ないさ」と猫は言った。「ここではみんな狂ってるんだ。僕も狂ってる。,Clearwater
20180407,強盗,知ってるだろう！,Newport News
20180407,詐欺,"
",Hollywood
20180407,恐喝,彼らに聞かれるのを恐れて森へ。そして次に彼女が覗き見たとき,Fargo
20180407,贈収賄,「次の証人を呼べ！」と王は言った。,Eugene
20180408,密輸,これには一斉に拍手が起こった。それは本当に最初の,Daytona Beach
20180408,贈収賄,不安そうに歩き回り、まるで何かを失くしたかのようだった。そして彼女は,Newark
20180408,放火,"それらを苦くし…そして…麦芽糖や、子供たちを""",Akron
20180410,殺人,葉：「芸を教えるのがとても好きだっただろうに、もし…もし私が,Lorain
20180410,強盗,彼らを仰天させてしまうわ！」そこで彼女は,Bloomington
20180410,恐喝,「それは、どこに行きたいかによるな」と猫は言った。,Round Lake Beach
20180410,放火,いらいらして頭を振り、少し速く歩いた。,Santa Ana
20180411,強盗,「私のは長くて悲しいお話（tale/tail）よ！」とネズミはアリスの方を向いて言った。,Huntington
20180412,窃盗,"「全部違ってしまった！」と代用ウミガメは考え深げに繰り返した。「私は""",Monterey
20180413,殺人,"
",New Orleans
20180414,放火,煙突を下りろ！,San Jose
20180414,恐喝,毎回少し前に進み、大きく後ろに戻り、そしてしわがれ声で吠えた。,Clarke County
20180414,殺人,「——どこかへたどり着きさえすれば」とアリスは説明として付け加えた。,Davidson County
20180414,詐欺,静寂、そして再び声の混乱…「頭を支えろ…ブランデー,Myrtle Beach
20180414,恐喝,裁判官、私は,Mesquite
20180415,殺人,"
",Kansas City
20180417,殺人,声に出して。そして次の瞬間、それは見えなくなった。,Winter Haven
20180417,密輸,「これには飽きてきた。お嬢さんに物語を話してもらおうじゃないか。」,Columbia
20180417,放火,アリスに、彼女は続けた。「お嬢ちゃん、名前は何て言うの？」,Clarke County
20180417,贈収賄,"
",San Diego
20180418,暴行,普通の方法で。,Corona
20180418,暴行,"
",Hialeah
20180418,暴行,「女王はどうだい？」と猫は小声で言った。,Port St. Lucie
20180419,放火,"
",Fort Collins
20180419,暴行,ここで何をしてる？今すぐ家に帰って、手袋と扇子を持ってこい！,Pittsburgh
20180419,贈収賄,「どうして私が狂ってるってわかるの？」とアリスは言った。,Poughkeepsie
20180420,窃盗,腕を組んで一番上に座り、静かに長い,San Jose
20180420,恐喝,自分の涙で溺れるなんて！それは確かに奇妙なことだわ！,Lansing
20180420,暴行,そこで彼女はケーキを一つ飲み込み、自分が,Panama City
20180420,強盗,軽蔑。「わしは今までたくさんの少女を見てきたが、一人として,Fitchburg
20180421,詐欺,"
",Odessa
20180421,恐喝,"
",Hemet
20180421,暴行,時）。「あなたたちなんて、ただのトランプの束よ！」,Tuscaloosa
20180422,暴行,「その通りですわ」とアリスは言った。,Port Arthur
20180422,恐喝,理由とかそういうことについて」と彼はグリフォンに言った。,Madison
20180422,放火,"
",Naperville
20180424,放火,"
",New York
20180425,放火,"単に…「あなたが他の人に見えるかもしれないもの、あるいは見えたかもしれないものとは別様であると自分自身を想像してはならない。""",Louisville
20180425,強盗,日陰で休んでいた。しかし、彼女を見た途端、彼らは急いで,San Francisco
20180425,恐喝,"
",Chula Vista
20180425,強盗,一日中こんなくだらないことを聞いていられると思うか？,Hesperia
20180425,贈収賄,"あの素敵な庭への道を見つけることだわ。それが""",Thousand Oaks
20180426,密輸,再びまっすぐになり、全体として、最初の1分間は,Trenton
20180426,暴行,"「でも、彼のつま先はどうなんだ？」と代用ウミガメは食い下がった。「どうして彼はそれを""",New Bedford
20180426,窃盗,「何を描いたの？」とアリスは約束をすっかり忘れて言った。,Danbury
20180427,詐欺,注意深く、「本当に家に帰らなければ。夜の空気は,West Valley City
20180427,窃盗,一分に一度くらい「首をはねろ！」と叫びながら,Mobile
20180427,恐喝,深く、ホールの半分まで達していた。,Laredo
20180427,放火,"
",Leominster
20180427,殺人,「ただの指ぬきですわ」とアリスは悲しそうに言った。,St. Petersburg
20180428,殺人,怒っているときにしっぽを振る。だから僕は狂ってるんだ。」,Appleton
20180428,詐欺,アリスはコックの方をかなり不安そうにちらりと見て、彼女が,Memphis
20180428,暴行,海岸で…,Hickory
20180428,放火,それが消えた後もしばらく残っていた。,Denton
20180428,恐喝,法廷の向こう側。,Lorain
20180429,殺人,"(she was obliged to say ‘creatures,’ you see, because some of them were
",Toledo
20180430,殺人,「でも、私はどうしたらいいの？」とアリスは言った。,Spokane
20180430,強盗,「それで、12日目はどうしたの？」アリスは熱心に続けた。,Trenton
20180430,贈収賄,"
",Garden Grove
20180430,詐欺,「どうしてだい？」と三月ウサギは言った。,Houma
20180430,暴行,"
",Fontana
20180501,暴行,間違いようがなかった。それは豚に他ならず、彼女は,Trenton
20180115,殺人,防犯カメラの映像によると、目撃者は2人。最初の目撃者は「ノースウェスタン通り」の一番端の家に住んでいる。2人目の目撃者アナベルは、「フランクリン通り」のどこかに住んでいる。,SQL City
